work_year,experience_level,employment_type,job_title,salary,salary_currency,salary_in_usd,employee_residence,remote_ratio,company_location,company_size
2022,EN,FT,CYBER PROGRAM MANAGER,63000,USD,63000,US,50,US,S
2022,MI,FT,SECURITY ANALYST,95000,USD,95000,US,0,US,M
2022,MI,FT,SECURITY ANALYST,70000,USD,70000,US,0,US,M
2022,MI,FT,IT SECURITY ANALYST,250000,BRL,48853,BR,50,BR,L
2022,EN,CT,CYBER SECURITY ANALYST,120000,USD,120000,BW,100,BW,S
2022,EX,FT,APPLICATION SECURITY ARCHITECT,315000,USD,315000,US,100,US,L
2022,SE,FT,SECURITY RESEARCHER,220000,USD,220000,US,100,US,M
2022,SE,FT,SECURITY RESEARCHER,140000,USD,140000,US,100,US,M
2021,MI,FT,INFORMATION SECURITY COMPLIANCE ANALYST,55000,GBP,75650,GB,50,GB,L
2022,EX,FT,INFORMATION SECURITY COMPLIANCE MANAGER,360000,USD,321950,TW,100,SG,L
2021,EN,FT,SECURITY SPECIALIST,50000,USD,50000,US,0,US,S
2022,SE,FT,APPLICATION SECURITY SPECIALIST,85000,USD,85000,US,100,US,L
2022,MI,FT,CYBER SECURITY CONSULTANT,90000,USD,90000,US,100,US,L
2022,EN,FT,SECURITY SPECIALIST,50000,USD,50000,US,0,US,S
2022,EX,FT,HEAD OF INFORMATION SECURITY,290000,USD,290000,US,100,US,L
2021,EX,FT,HEAD OF INFORMATION SECURITY,232000,USD,232000,US,100,US,L
2022,EX,FT,HEAD OF INFORMATION SECURITY,244000,USD,244000,US,100,US,L
2022,EN,FT,SECURITY INCIDENT RESPONSE ENGINEER,112000,USD,112000,US,100,US,L
2022,EN,FT,CYBER SECURITY ANALYST,72000,USD,72000,US,100,US,L
2022,SE,FT,ETHICAL HACKER,60000,EUR,64955,NL,50,NL,M
2020,EN,FT,CYBER SECURITY ANALYST,450000,INR,6072,IN,50,IN,L
2021,MI,FT,CYBER SECURITY CONSULTANT,45000,EUR,53192,NL,100,NL,L
2022,EX,FT,CHIEF INFORMATION SECURITY OFFICER,109000,EUR,118002,DE,100,DE,M
2022,MI,FT,DEVSECOPS ENGINEER,152000,USD,152000,US,0,US,M
2022,MI,FT,DEVSECOPS ENGINEER,91000,USD,91000,US,0,US,M
2022,SE,FT,IT SECURITY MANAGER,120000,EUR,129910,DE,50,DE,L
2022,MI,FT,APPLICATION SECURITY ENGINEER,207000,USD,207000,US,100,US,L
2022,EX,FT,CHIEF INFORMATION SECURITY OFFICER,300000,USD,300000,AE,50,AE,L
2022,MI,FT,VULNERABILITY ANALYST,115000,USD,115000,US,100,US,L
2022,SE,FT,CYBER SECURITY ENGINEER,126700,CAD,99397,CA,100,CA,L
2022,EN,FT,INFORMATION SECURITY ANALYST,52000,USD,52000,US,100,US,L
2022,SE,FT,PRINCIPAL APPLICATION SECURITY ENGINEER,237000,USD,237000,US,100,US,L
2021,EN,FT,CYBER SECURITY ARCHITECT,150000,USD,150000,US,50,US,M
2022,SE,FT,INFORMATION SECURITY MANAGER,110000,USD,110000,US,0,US,L
2022,EN,FT,SOC ANALYST,104000,USD,104000,US,100,US,L
2021,EN,FT,SOC ANALYST,75000,USD,75000,US,0,US,M
2022,SE,FT,DEVSECOPS ENGINEER,165000,USD,165000,US,100,US,L
2022,SE,FT,PENETRATION TESTER,190000,USD,190000,US,100,US,L
2022,SE,FT,CYBER THREAT INTELLIGENCE ANALYST,135000,USD,135000,US,100,US,L
2022,MI,FT,CLOUD SECURITY ENGINEER,150000,CAD,117676,CA,100,CA,L
2022,MI,FT,INFORMATION SECURITY OFFICER,97900,USD,97900,US,50,US,L
2022,SE,FT,IT SECURITY ANALYST,90000,USD,90000,US,100,US,S
2021,SE,FT,SECURITY CONSULTANT,175000,USD,175000,US,100,US,L
2022,MI,FT,CYBER SECURITY ANALYST,89998,USD,89998,US,0,US,L
2022,MI,FT,INFORMATION SECURITY SPECIALIST,150000,USD,150000,US,100,US,L
2022,MI,FT,SECURITY ANALYST,115000,USD,115000,US,100,US,L
2022,MI,FT,INFORMATION SECURITY OFFICER,135000,USD,135000,US,50,US,L
2022,EX,FT,INFORMATION SECURITY MANAGER,102000,USD,102000,US,50,US,L
2022,SE,FT,PENETRATION TESTER,108000,USD,108000,US,100,US,L
2022,SE,FT,CYBER SECURITY CONSULTANT,200000,USD,200000,US,100,US,M
2022,EN,FT,SOC ANALYST,85000,CHF,89676,CH,50,CH,L
2022,EN,FT,CYBER SECURITY ANALYST,50000,USD,50000,US,0,US,S
2022,SE,FT,DEVSECOPS ENGINEER,157000,USD,157000,US,0,US,M
2022,SE,FT,DEVSECOPS ENGINEER,108000,USD,108000,US,0,US,M
2022,EX,FT,DIRECTOR OF INFORMATION SECURITY,148000,USD,148000,US,0,US,L
2022,MI,FT,SECURITY ENGINEER,130000,USD,130000,US,0,US,M
2022,MI,FT,SECURITY ENGINEER,120000,USD,120000,US,0,US,M
2022,MI,FT,INFORMATION SECURITY COMPLIANCE LEAD,450000,DKK,65475,DK,50,DK,L
2022,SE,FT,THREAT HUNTER,150000,USD,150000,US,100,CH,L
2022,EN,FT,CLOUD SECURITY ENGINEER,500000,INR,6522,IN,100,IN,L
2022,SE,FT,THREAT INTELLIGENCE ANALYST,184800,USD,184800,US,100,US,M
2022,SE,FT,THREAT INTELLIGENCE ANALYST,130800,USD,130800,US,100,US,M
2022,MI,FT,DEVSECOPS ENGINEER,80000,GBP,102646,GB,100,GB,M
2022,MI,FT,DEVSECOPS ENGINEER,60000,GBP,76985,GB,100,GB,M
2022,MI,FT,SECURITY ANALYST,114000,USD,114000,US,0,US,L
2022,SE,FT,SECURITY ENGINEER,207000,USD,207000,US,100,US,M
2022,SE,FT,SECURITY ENGINEER,153000,USD,153000,US,100,US,M
2022,SE,FT,SECURITY INCIDENT RESPONSE ENGINEER,245000,USD,245000,US,100,US,L
2022,SE,FT,IT SECURITY ANALYST,98000,USD,98000,US,50,US,L
2022,SE,FT,SECURITY ENGINEER,220100,USD,220100,US,100,US,M
2022,SE,FT,SECURITY ENGINEER,176080,USD,176080,US,100,US,M
2022,SE,FT,SECURITY ENGINEER,226400,USD,226400,US,100,US,L
2022,SE,FT,SECURITY ENGINEER,124300,USD,124300,US,100,US,L
2022,SE,FT,IT SECURITY ENGINEER,145000,USD,145000,US,100,US,L
2022,EX,FT,CLOUD SECURITY ENGINEERING MANAGER,50000,USD,50000,CL,100,CL,M
2022,EN,FT,APPLICATION SECURITY ANALYST,50000,EUR,54129,CH,50,CH,M
2022,EN,FT,DATA SECURITY ANALYST,50000,USD,50000,US,100,US,L
2022,MI,FT,DETECTION ENGINEER,40000,EUR,43303,ES,50,ES,L
2022,SE,FT,SECURITY SPECIALIST,238200,USD,238200,US,100,US,L
2022,SE,FT,SECURITY SPECIALIST,176100,USD,176100,US,100,US,L
2022,SE,FT,SECURITY ENGINEER,181940,USD,181940,US,100,US,M
2022,SE,FT,SECURITY ENGINEER,132000,USD,132000,US,100,US,M
2022,SE,FT,SECURITY ENGINEER,186000,USD,186000,US,100,US,M
2022,SE,FT,SECURITY ENGINEER,148800,USD,148800,US,100,US,M
2022,SE,FT,DETECTION ENGINEER,252000,USD,252000,US,100,US,M
2022,SE,FT,DETECTION ENGINEER,145000,USD,145000,US,100,US,M
2022,EX,FT,CHIEF INFORMATION SECURITY OFFICER,236000,USD,236000,US,100,US,L
2021,EN,FT,CYBER SECURITY ANALYST,15240,SGD,8929,SG,0,SG,M
2022,SE,FT,PRINCIPAL SECURITY ENGINEER,167000,USD,167000,US,100,US,M
2022,EX,FT,HEAD OF INFORMATION SECURITY,175000,USD,175000,US,100,US,M
2022,EN,FT,IT SECURITY ANALYST,70000,AUD,50002,AU,50,AU,L
2022,MI,FT,INFORMATION SYSTEMS SECURITY ENGINEER,86500,USD,86500,US,50,US,L
2022,MI,FT,STAFF APPLICATION SECURITY ENGINEER,120000,EUR,129910,FR,50,FR,L
2022,SE,FT,SECURITY ENGINEER,200100,USD,200100,US,100,US,M
2022,SE,FT,SECURITY ENGINEER,160080,USD,160080,US,100,US,M
2022,SE,FT,SECURITY ENGINEER,165400,USD,165400,US,100,US,M
2022,SE,FT,SECURITY ENGINEER,132320,USD,132320,US,100,US,M
2022,SE,FT,SECURITY SPECIALIST,207800,USD,207800,US,100,US,L
2022,SE,FT,SECURITY SPECIALIST,153600,USD,153600,US,100,US,L
2021,EN,FT,INFORMATION SECURITY ENGINEER,25000,EUR,29551,IT,100,IT,S
2021,MI,FT,INFORMATION SECURITY ANALYST,88000,USD,88000,US,100,US,L
2022,EX,FT,INFORMATION SECURITY COMPLIANCE MANAGER,180000,USD,180000,US,100,US,L
2022,SE,FT,SECURITY ENGINEER,210000,USD,210000,CA,100,CA,M
2022,SE,FT,SECURITY ENGINEER,160000,USD,160000,CA,100,CA,M
2022,SE,FT,VULNERABILITY MANAGEMENT ENGINEER,250600,USD,250600,US,100,US,M
2022,SE,FT,VULNERABILITY MANAGEMENT ENGINEER,118100,USD,118100,US,100,US,M
2022,SE,FT,SECURITY ENGINEER,105800,USD,105800,US,100,US,M
2022,SE,FT,SECURITY ENGINEER,81600,USD,81600,US,100,US,M
2022,EN,FT,SECURITY ANALYST,140000,USD,140000,US,100,US,L
2022,SE,FT,INFORMATION SECURITY OFFICER,267840,USD,267840,US,100,US,M
2022,SE,FT,INFORMATION SECURITY OFFICER,214056,USD,214056,US,100,US,M
2022,SE,FT,SECURITY RESEARCHER,240000,CAD,188282,CA,100,US,L
2022,MI,FT,HEAD OF INFORMATION SECURITY,107000,GBP,137290,GB,100,GB,M
2022,MI,FT,HEAD OF INFORMATION SECURITY,92000,GBP,118043,GB,100,GB,M
2022,EN,CT,CYBER SECURITY ANALYST,80000,USD,80000,US,100,US,L
2022,EN,CT,CYBER SECURITY ANALYST,60000,USD,60000,US,100,US,L
2022,EN,FT,CYBER SECURITY ANALYST,60000,USD,60000,US,100,US,L
2022,EN,FT,AZURE SECURITY ENGINEER,60000,USD,60000,US,100,US,L
2022,EN,FT,AZURE SECURITY ENGINEER,60000,USD,60000,US,100,US,S
2021,EN,FT,CYBER SECURITY ANALYST,115000,USD,115000,US,100,US,M
2021,EN,FT,SECURITY CONSULTANT,750000,INR,10142,IN,50,IN,L
2022,MI,FT,SECURITY OPERATIONS ANALYST,80000,GBP,102646,GB,100,GB,M
2022,MI,FT,SECURITY OPERATIONS ANALYST,55000,GBP,70569,GB,100,GB,M
2022,MI,FT,SECURITY ENGINEER,170000,USD,170000,AU,0,AU,M
2022,MI,FT,SECURITY ENGINEER,140000,USD,140000,AU,0,AU,M
2022,SE,FT,CYBER SECURITY ENGINEER,175000,USD,175000,US,0,US,S
2022,EX,FT,DIRECTOR OF INFORMATION SECURITY,180000,USD,180000,US,100,US,L
2022,MI,FT,INFORMATION SECURITY ENGINEER,101000,USD,101000,US,100,US,L
2022,MI,FT,IT SECURITY ENGINEER,101000,USD,101000,US,100,US,L
2022,SE,FT,DEVOPS SECURITY ENGINEER,175000,USD,175000,US,100,US,L
2022,MI,FT,CYBER SECURITY ANALYST,97500,USD,97500,US,100,US,L
2022,EN,FT,CYBER SECURITY ANALYST,67000,USD,67000,US,100,US,L
2022,SE,FT,SECURITY ENGINEER,124600,USD,124600,US,100,US,M
2022,SE,FT,SECURITY ENGINEER,96000,USD,96000,US,100,US,M
2022,SE,FT,DETECTION ENGINEER,292000,USD,292000,GB,100,GB,M
2022,SE,FT,DETECTION ENGINEER,170000,USD,170000,GB,100,GB,M
2022,MI,FT,SECURITY ENGINEER,160000,USD,160000,AU,0,AU,M
2022,SE,FT,PENETRATION TESTER,180000,USD,180000,US,100,US,M
2022,SE,FT,PENETRATION TESTER,140000,USD,140000,US,100,US,M
2022,SE,FT,SECURITY ENGINEER,245000,USD,245000,US,0,US,M
2022,SE,FT,SECURITY ENGINEER,190000,USD,190000,US,0,US,M
2022,EN,FT,SECURITY ANALYST,63000,CAD,49424,CA,100,CA,S
2022,EN,FT,SOC ANALYST,91600,USD,91600,US,100,US,L
2022,MI,FT,CLOUD SECURITY ENGINEER,165000,USD,165000,US,50,US,L
2022,SE,FT,SECURITY SPECIALIST,160000,USD,160000,US,100,US,L
2022,SE,FT,SECURITY SPECIALIST,92400,USD,92400,US,100,US,L
2022,SE,FT,THREAT INTELLIGENCE ANALYST,103000,USD,103000,US,100,US,L
2022,SE,FT,SECURITY ENGINEER,154000,USD,154000,US,100,US,M
2022,SE,FT,SECURITY ENGINEER,139000,USD,139000,US,100,US,M
2022,EX,FT,SECURITY OFFICER,160000,USD,160000,US,100,US,M
2022,EX,FT,SECURITY OFFICER,120000,USD,120000,US,100,US,M
2022,MI,FT,PENETRATION TESTER,50000,GBP,64154,GB,50,GB,M
2022,SE,FT,SECURITY ENGINEER,82900,USD,82900,US,100,US,M
2022,SE,FT,SECURITY ENGINEER,63900,USD,63900,US,100,US,M
2022,EN,FT,SOC ANALYST,75000,USD,75000,US,100,US,L
2022,MI,FT,SECURITY ANALYST,89000,USD,89000,US,0,US,L
2022,MI,FT,SECURITY ANALYST,68462,USD,68462,US,0,US,L
2022,MI,FT,SECURITY ENGINEER,72500,USD,72500,US,100,JP,L
2022,SE,FT,SECURITY ENGINEER,276900,USD,276900,US,100,US,M
2022,SE,FT,SECURITY ENGINEER,168400,USD,168400,US,100,US,M
2022,SE,FT,SECURITY ENGINEER,105800,USD,105800,US,0,US,M
2022,SE,FT,SECURITY ENGINEER,81600,USD,81600,US,0,US,M
2022,SE,FT,SECURITY SPECIALIST,177600,USD,177600,US,100,US,L
2022,SE,FT,SECURITY SPECIALIST,131300,USD,131300,US,100,US,L
2022,SE,FT,SECURITY ENGINEER,120000,USD,120000,US,100,US,M
2022,SE,FT,SECURITY ENGINEER,90000,USD,90000,US,100,US,M
2022,MI,FT,SECURITY ENGINEER,145000,USD,145000,US,100,US,M
2022,MI,FT,SECURITY ENGINEER,105400,USD,105400,US,100,US,M
2022,SE,FT,SECURITY ENGINEER,220000,USD,220000,US,0,US,M
2022,SE,FT,SECURITY ENGINEER,140000,USD,140000,US,0,US,M
2022,SE,FT,SECURITY ENGINEER,175000,USD,175000,US,100,US,M
2022,SE,FT,SECURITY ENGINEER,130000,USD,130000,US,100,US,M
2022,EN,PT,SECURITY CONSULTANT,20000,EUR,21651,DE,100,DE,M
2022,SE,FT,APPLICATION SECURITY ENGINEER,60000,USD,60000,PK,100,US,M
2022,EN,PT,PENETRATION TESTER,80000,USD,80000,IN,100,US,L
2022,MI,FT,DETECTION ENGINEER,200100,USD,200100,US,100,US,M
2022,MI,FT,DETECTION ENGINEER,160080,USD,160080,US,100,US,M
2022,MI,FT,SECURITY CONSULTANT,135000,USD,135000,US,100,US,M
2022,MI,FT,SECURITY CONSULTANT,100000,USD,100000,US,100,US,M
2022,SE,FT,SECURITY ENGINEER,195000,USD,195000,US,100,US,M
2022,SE,FT,SECURITY ENGINEER,170000,USD,170000,US,100,US,M
2022,MI,FT,SECURITY ENGINEER,108070,USD,108070,US,100,US,M
2022,MI,FT,SECURITY ENGINEER,91860,USD,91860,US,100,US,M
2022,MI,FT,SECURITY ANALYST,102600,USD,102600,US,100,US,M
2022,MI,FT,SECURITY ANALYST,82080,USD,82080,US,100,US,M
2022,MI,FT,SECURITY ENGINEER,160000,USD,160000,US,0,US,M
2022,MI,FT,SECURITY ENGINEER,110000,USD,110000,US,0,US,M
2022,MI,FT,SECURITY ENGINEER,140000,EUR,151562,FR,100,FR,M
2022,MI,FT,SECURITY ENGINEER,100000,EUR,108258,FR,100,FR,M
2022,MI,FT,IT SECURITY MANAGER,120000,EUR,129910,FR,100,FR,M
2022,MI,FT,IT SECURITY MANAGER,80000,EUR,86607,FR,100,FR,M
2022,MI,FT,SECURITY ENGINEER,180000,EUR,194866,US,100,US,M
2022,MI,FT,SECURITY ENGINEER,140000,EUR,151562,US,100,US,M
2022,EX,FT,INFORMATION SECURITY OFFICER,240000,EUR,259821,US,100,US,M
2022,EX,FT,INFORMATION SECURITY OFFICER,180000,EUR,194866,US,100,US,M
2022,MI,FT,SECURITY ANALYST,193800,USD,193800,US,100,US,M
2022,MI,FT,SECURITY ANALYST,62000,USD,62000,US,100,US,M
2022,SE,FT,SECURITY ENGINEER,160000,USD,160000,US,100,US,L
2022,SE,FT,SECURITY ENGINEER,120000,USD,120000,US,100,US,L
2022,SE,FT,SECURITY ENGINEER,192400,USD,192400,US,100,US,M
2022,SE,FT,SECURITY ENGINEER,90700,USD,90700,US,100,US,M
2022,SE,FT,SECURITY ANALYST,150260,USD,150260,US,100,US,M
2022,SE,FT,SECURITY ANALYST,109280,USD,109280,US,100,US,M
2022,SE,FT,PENETRATION TESTER,175000,USD,175000,US,0,US,M
2022,SE,FT,PENETRATION TESTER,90000,USD,90000,US,0,US,M
2022,SE,FT,SECURITY DEVOPS ENGINEER,130200,USD,130200,US,100,US,M
2022,SE,FT,SECURITY DEVOPS ENGINEER,106500,USD,106500,US,100,US,M
2022,SE,FT,SECURITY SPECIALIST,146800,USD,146800,US,100,US,M
2022,SE,FT,SECURITY SPECIALIST,118200,USD,118200,US,100,US,M
2022,SE,FT,SECURITY ENGINEER,165200,USD,165200,US,100,US,M
2022,SE,FT,SECURITY ENGINEER,133000,USD,133000,US,100,US,M
2022,SE,FT,SECURITY ENGINEER,146800,USD,146800,US,100,US,M
2022,SE,FT,SECURITY ENGINEER,118200,USD,118200,US,100,US,M
2022,SE,FT,SECURITY ENGINEER,115700,USD,115700,US,100,US,M
2022,SE,FT,SECURITY ENGINEER,94700,USD,94700,US,100,US,M
2022,MI,FT,SECURITY ANALYST,60000,USD,60000,US,100,US,M
2022,MI,FT,SECURITY ANALYST,50000,USD,50000,US,100,US,M
2022,SE,FT,SECURITY ENGINEER,210000,USD,210000,CA,0,CA,M
2022,SE,FT,SECURITY ENGINEER,160000,USD,160000,CA,0,CA,M
2022,SE,FT,SECURITY ANALYST,144200,USD,144200,US,0,US,M
2022,SE,FT,SECURITY ANALYST,132870,USD,132870,US,0,US,M
2022,SE,FT,SECURITY ENGINEER,175000,USD,175000,US,0,US,M
2022,SE,FT,SECURITY ENGINEER,120000,USD,120000,US,0,US,M
2022,SE,FT,PENETRATION TESTER,80000,USD,80000,US,100,US,M
2022,MI,FT,SECURITY DEVOPS ENGINEER,91670,USD,91670,US,0,US,L
2022,MI,FT,SECURITY DEVOPS ENGINEER,63500,USD,63500,US,0,US,L
2022,SE,FT,INFORMATION SECURITY MANAGER,180000,USD,180000,US,0,US,M
2022,SE,FT,INFORMATION SECURITY MANAGER,90000,USD,90000,US,0,US,M
2022,EN,FT,PENETRATION TESTER,40000,EUR,43303,GR,0,GR,M
2022,EN,FT,PENETRATION TESTER,25000,EUR,27064,GR,0,GR,M
2022,SE,FT,SECURITY ENGINEER,184800,USD,184800,US,100,US,M
2022,SE,FT,PENETRATION TESTER,207500,USD,207500,CA,100,CA,M
2022,SE,FT,PENETRATION TESTER,125000,USD,125000,CA,100,CA,M
2022,MI,FT,SECURITY ENGINEER,118600,USD,118600,US,100,US,M
2022,SE,FT,SECURITY CONSULTANT,175000,USD,175000,US,100,US,M
2022,SE,FT,SECURITY CONSULTANT,90000,USD,90000,US,100,US,M
2022,MI,FT,SECURITY CONSULTANT,80000,GBP,102646,GB,100,GB,M
2022,MI,FT,SECURITY CONSULTANT,65000,GBP,83400,GB,100,GB,M
2022,SE,FT,SECURITY ENGINEER,220000,USD,220000,US,100,US,M
2022,SE,FT,SECURITY ENGINEER,145000,USD,145000,US,100,US,M
2022,SE,FT,SECURITY ENGINEER,118600,USD,118600,US,100,US,M
2022,SE,FT,SECURITY ENGINEER,165400,USD,165400,US,0,US,M
2022,SE,FT,SECURITY ENGINEER,132320,USD,132320,US,0,US,M
2022,SE,FT,SECURITY ENGINEER,160000,USD,160000,US,100,US,M
2022,MI,FT,VULNERABILITY ANALYST,115000,USD,115000,US,100,US,M
2022,MI,FT,VULNERABILITY ANALYST,100000,USD,100000,US,100,US,M
2022,SE,FT,SECURITY ENGINEER,131500,USD,131500,US,100,US,M
2022,SE,FT,SECURITY ENGINEER,111775,USD,111775,US,100,US,M
2022,SE,FT,SECURITY ENGINEER,221500,USD,221500,US,100,US,M
2022,SE,FT,SECURITY ENGINEER,104400,USD,104400,US,100,US,M
2022,SE,FT,SECURITY ENGINEER,210000,USD,210000,US,0,US,M
2022,SE,FT,SECURITY ENGINEER,160000,USD,160000,US,0,US,M
2022,MI,FT,SECURITY ENGINEER,140000,USD,140000,US,100,US,S
2022,MI,FT,SECURITY ENGINEER,90000,USD,90000,US,100,US,S
2022,SE,FT,SECURITY ENGINEER,201000,USD,201000,US,100,US,M
2022,MI,FT,SECURITY ENGINEER,172000,USD,172000,US,0,US,M
2022,MI,FT,SECURITY ENGINEER,87000,USD,87000,US,0,US,M
2022,MI,FT,SECURITY ENGINEER,141300,USD,141300,US,0,US,M
2022,MI,FT,SECURITY ENGINEER,102100,USD,102100,US,0,US,M
2022,MI,FT,SECURITY ENGINEER,88100,USD,88100,US,0,US,M
2022,SE,FT,SECURITY DEVOPS ENGINEER,120000,USD,120000,US,100,US,M
2022,SE,FT,SECURITY DEVOPS ENGINEER,30000,USD,30000,US,100,US,M
2022,SE,FT,CYBER THREAT INTELLIGENCE ANALYST,222500,USD,222500,US,100,US,M
2022,SE,FT,CYBER THREAT INTELLIGENCE ANALYST,135000,USD,135000,US,100,US,M
2022,EX,FT,INFORMATION SECURITY OFFICER,300000,USD,300000,US,100,US,M
2022,EX,FT,INFORMATION SECURITY OFFICER,250000,USD,250000,US,100,US,M
2022,SE,FT,SECURITY ANALYST,168400,USD,168400,US,100,US,M
2022,SE,FT,SECURITY ANALYST,148000,USD,148000,US,100,US,M
2022,SE,FT,SECURITY ENGINEER,140000,GBP,179632,GB,0,GB,M
2022,SE,FT,SECURITY ENGINEER,120000,GBP,153970,GB,0,GB,M
2022,MI,FT,SECURITY ANALYST,65000,USD,65000,US,100,US,M
2022,MI,FT,SECURITY ANALYST,55000,USD,55000,US,100,US,M
2022,SE,FT,SECURITY ENGINEER,230000,USD,230000,US,0,US,M
2022,SE,FT,SECURITY ENGINEER,182750,USD,182750,US,100,US,M
2022,MI,FT,SECURITY ENGINEER,210000,USD,210000,US,100,US,M
2022,MI,FT,SECURITY ENGINEER,140000,USD,140000,US,100,US,M
2022,MI,FT,SECURITY ENGINEER,182000,USD,182000,US,100,US,M
2022,MI,FT,SECURITY ENGINEER,153000,USD,153000,US,100,US,M
2022,MI,FT,SECURITY ENGINEER,208775,USD,208775,US,100,US,M
2022,MI,FT,SECURITY ENGINEER,147800,USD,147800,US,100,US,M
2022,MI,FT,CYBER SECURITY ANALYST,111000,USD,111000,CH,50,CH,L
2022,MI,FT,SECURITY ENGINEER,200000,USD,200000,US,100,US,L
2022,SE,FT,INFORMATION SECURITY MANAGER,1078000,INR,20873,IN,0,BR,L
2022,EN,FT,SECURITY CONSULTANT,75000,CAD,58838,CA,100,CA,L
2022,EX,FT,DIRECTOR OF INFORMATION SECURITY,220000,USD,220000,US,100,US,M
2022,EN,FT,CYBER SECURITY ARCHITECT,150000,USD,150000,GH,100,US,M
2022,SE,FT,PRINCIPAL SECURITY ENGINEER,271600,USD,271600,US,100,US,L
2022,MI,FT,SECURITY CONSULTANT,122500,USD,122500,US,100,US,S
2022,MI,FT,CYBER SECURITY ARCHITECT,129000,USD,129000,US,100,US,L
2022,SE,FT,PRINCIPAL SECURITY ENGINEER,260000,USD,260000,US,100,US,L
2022,SE,FT,INFORMATION SECURITY MANAGER,145000,USD,145000,US,100,US,L
2022,SE,FT,VULNERABILITY RESEARCHER,135000,USD,135000,ES,100,US,S
2022,EN,FT,INFORMATION SECURITY ANALYST,70000,BRL,13678,BR,100,BR,L
2022,MI,FT,CYBER THREAT INTELLIGENCE ANALYST,126000,USD,126000,US,0,US,M
2022,MI,FT,COMPUTER FORENSIC SOFTWARE ENGINEER,122000,USD,122000,US,50,US,L
2022,EN,FT,CYBER SECURITY ANALYST,45500,EUR,49257,DE,50,DE,S
2022,MI,FT,SECURITY OPERATIONS ENGINEER,75000,EUR,81194,FR,100,FR,L
2022,MI,FT,INCIDENT RESPONSE ANALYST,140000,USD,140000,US,100,US,L
2022,SE,FT,CYBER SECURITY ARCHITECT,150000,USD,150000,US,100,US,L
2021,SE,FT,SECURITY RESEARCHER,172500,USD,172500,US,100,US,L
2022,MI,FT,CYBER THREAT INTELLIGENCE ANALYST,120000,USD,120000,US,50,US,L
2022,EX,FT,APPLICATION SECURITY ANALYST,259000,USD,259000,US,50,US,L
2022,SE,FT,CYBER THREAT INTELLIGENCE ANALYST,180000,USD,180000,US,50,US,L
2022,SE,FT,INFORMATION SECURITY MANAGER,250000,USD,250000,US,100,US,L
2022,EN,FT,CYBER THREAT INTELLIGENCE ANALYST,105000,USD,105000,US,100,US,L
2022,SE,FT,IT SECURITY ANALYST,104000,USD,104000,US,100,US,M
2022,SE,FT,SECURITY RESEARCHER,192500,USD,192500,US,100,US,S
2022,EN,FT,PENETRATION TESTER,15240,USD,5965.92,AZ,0,AZ,L
2022,MI,FT,PENETRATION TESTER,35620,EUR,38561,RO,0,RO,S
2021,SE,FT,SECURITY ENGINEER,190000,USD,190000,US,0,US,L
2022,MI,FT,CYBER SECURITY ENGINEER,100000,USD,100000,US,100,US,L
2022,EN,FT,PENETRATION TESTER,15240,USD,10000,AR,100,ES,S
2022,SE,FT,CLOUD SECURITY ARCHITECT,224000,USD,224000,US,100,US,L
2022,SE,FT,CYBER SECURITY ANALYST,125000,USD,125000,US,100,US,L
2021,SE,FT,CYBER THREAT INTELLIGENCE ANALYST,120000,USD,120000,US,100,US,L
2022,MI,FT,CYBER SECURITY ENGINEER,15240,USD,10000,DZ,50,DZ,M
2022,SE,FT,APPLICATION SECURITY ENGINEER,42000,EUR,45468,RO,100,RO,L
2022,SE,FT,PRINCIPAL SECURITY ENGINEER,215000,USD,215000,US,100,US,L
2022,MI,FT,INFORMATION SECURITY ENGINEER,260000,USD,260000,US,100,US,L
2022,MI,FT,INFORMATION SECURITY ENGINEER,45000,USD,45000,RO,100,RO,L
2022,SE,FT,SECURITY RESEARCHER,300000,BRL,58624,BR,100,AQ,L
2021,EN,FT,PENETRATION TESTER,50000,USD,50000,US,100,US,L
2022,SE,FT,SECURITY CONSULTANT,149000,USD,149000,US,100,US,M
2020,SE,FT,SECURITY ENGINEER,107000,USD,107000,US,0,US,L
2022,SE,FT,SECURITY CONSULTANT,140000,USD,140000,US,100,US,M
2022,SE,FT,SECURITY ENGINEER,232000,CAD,182006,CA,100,US,L
2022,SE,FT,INFORMATION SECURITY MANAGER,127000,USD,127000,US,100,US,L
2022,EN,FT,APPLICATION SECURITY ANALYST,50000,USD,50000,AF,100,AX,L
2022,MI,FT,SECURITY OPERATIONS ENGINEER,1078000,INR,18263,IN,100,IN,L
2022,MI,FT,INFORMATION SECURITY ENGINEER,130000,USD,130000,US,100,US,S
2022,SE,FT,INFORMATION SECURITY MANAGER,135000,USD,135000,US,0,US,L
2021,SE,FT,INFORMATION SECURITY MANAGER,135000,USD,135000,US,0,US,L
2022,EX,FT,INFORMATION SECURITY ARCHITECT,325000,USD,321950,US,100,US,L
2021,EN,FT,SECURITY RESEARCHER,100000,USD,100000,US,50,US,L
2022,SE,FT,INFORMATION SECURITY COMPLIANCE MANAGER,150000,USD,150000,US,100,US,L
2022,MI,FT,PRODUCT SECURITY ENGINEER,130000,USD,130000,US,100,US,M
2022,SE,FT,INCIDENT RESPONSE ANALYST,135000,USD,135000,US,100,US,M
2022,SE,FT,INCIDENT RESPONSE ANALYST,100000,USD,100000,US,100,US,M
2022,EN,FT,SOC ANALYST,85000,USD,85000,US,0,US,L
2021,SE,FT,INFORMATION SECURITY ANALYST,180000,USD,180000,US,100,US,L
2022,SE,FT,CYBER SECURITY ENGINEER,150000,USD,150000,US,100,US,L
2022,EN,FT,CYBER SECURITY ANALYST,55000,USD,55000,US,0,US,M
2021,SE,FT,INCIDENT RESPONSE ANALYST,175000,USD,175000,US,100,US,M
2022,EN,FT,DEVOPS SECURITY ENGINEER,70000,USD,70000,US,100,US,L
2021,EN,FT,APPLICATION SECURITY ENGINEER,200000,USD,200000,US,100,US,L
2022,MI,FT,CYBER SECURITY ENGINEER,410000,USD,321950,IN,100,IN,L
2022,MI,FT,LEAD SECURITY ENGINEER,60000,GBP,76985,GB,100,GB,L
2022,MI,FT,INFORMATION SECURITY ANALYST,90000,USD,90000,US,100,US,L
2022,EX,FT,INCIDENT RESPONSE MANAGER,201000,USD,201000,US,100,US,L
2022,SE,FT,SECURITY ENGINEER,196000,USD,196000,US,100,US,L
2021,SE,FT,SECURITY RESEARCHER,137000,USD,137000,US,50,US,M
2022,MI,FT,CYBER SECURITY ANALYST,180000,USD,180000,US,100,US,L
2022,MI,FT,APPLICATION SECURITY ENGINEER,250000,USD,250000,US,100,US,L
2021,SE,FT,INFORMATION SECURITY ARCHITECT,128000,USD,128000,US,100,US,L
2022,SE,FT,THREAT INTELLIGENCE ANALYST,150000,USD,150000,US,100,US,L
2022,MI,FT,SECURITY ENGINEER,150000,USD,150000,US,0,US,L
2022,MI,FT,INFORMATION SECURITY MANAGER,180000,USD,180000,US,100,US,L
2022,SE,FT,VULNERABILITY MANAGEMENT ENGINEER,130000,USD,130000,US,0,US,L
2022,MI,FT,INCIDENT RESPONSE ANALYST,127000,USD,127000,US,100,US,L
2022,MI,FT,CLOUD SECURITY ENGINEER,108856,USD,108856,US,0,US,L
2022,MI,FT,CYBER SECURITY SPECIALIST,90000,EUR,97433,DE,50,DE,L
2021,SE,FT,CYBER SECURITY RESEARCHER,315000,BRL,58390,BR,100,BR,L
2022,EX,FT,CHIEF INFORMATION SECURITY OFFICER,48000,EUR,51964,SI,0,SI,M
2022,MI,FT,INCIDENT RESPONSE ANALYST,87000,USD,87000,US,50,US,L
2021,EN,FT,SECURITY OPERATIONS ANALYST,45000,EUR,53192,DE,100,DE,S
2022,EN,FT,PENETRATION TESTER,15240,USD,5965.92,RO,50,RO,M
2022,SE,FT,IT SECURITY ENGINEER,130000,USD,130000,US,50,US,L
2021,SE,FT,LEAD SECURITY ENGINEER,85000,EUR,100474,ES,100,ES,L
2022,SE,FT,SECURITY RESEARCHER,92000,EUR,99598,FR,100,US,L
2022,MI,FT,DEVSECOPS ENGINEER,150000,USD,150000,US,100,US,L
2021,SE,FT,PENETRATION TESTING ENGINEER,160000,USD,160000,US,100,US,L
2021,SE,FT,CYBER SECURITY ENGINEER,150000,USD,150000,US,50,US,L
2021,MI,FT,PENETRATION TESTER,28000,GBP,38513,GB,100,GB,S
2021,MI,FT,INFORMATION SECURITY ANALYST,55000,USD,55000,US,50,US,L
2022,SE,FT,INFORMATION SECURITY MANAGER,260000,USD,260000,US,100,US,L
2021,EX,FT,CYBER SECURITY ARCHITECT,50000,USD,50000,HR,50,HR,L
2022,MI,FT,INFORMATION SECURITY MANAGER,115000,CAD,90218,CA,100,CA,L
2021,SE,FT,INFORMATION SECURITY MANAGER,145000,USD,145000,US,0,US,L
2021,MI,FT,INFORMATION SECURITY ANALYST,88000,USD,88000,US,0,US,L
2021,MI,FT,INFORMATION SECURITY ANALYST,84000,USD,84000,US,0,US,L
2021,SE,FT,CLOUD SECURITY ENGINEER,120000,USD,120000,US,100,US,M
2022,SE,FT,SECURITY ENGINEER,146000,USD,146000,US,100,US,L
2022,EN,FT,DIGITAL FORENSICS ANALYST,108000,CAD,84727,CA,50,CA,L
2022,EN,FT,APPLICATION SECURITY ANALYST,71500,CAD,56092,CA,0,CA,L
2022,EX,FT,CHIEF INFORMATION SECURITY OFFICER,15240,GBP,15397,GB,100,GB,M
2022,EN,FT,CYBER THREAT ANALYST,60000,USD,60000,US,100,US,M
2022,SE,FT,VULNERABILITY MANAGEMENT ENGINEER,175000,USD,175000,US,100,US,L
2022,SE,FT,CYBER SECURITY ARCHITECT,160000,USD,160000,US,100,US,L
2022,SE,CT,APPLICATION SECURITY ENGINEER,200000,USD,200000,BR,100,CA,L
2022,MI,FT,INFRASTRUCTURE SECURITY ENGINEER,130000,USD,130000,US,100,US,M
2021,SE,FT,INCIDENT RESPONSE ANALYST,150000,AUD,112575,AU,100,AU,L
2021,EN,FT,CYBER SECURITY ANALYST,84300,USD,84300,US,100,US,L
2022,EN,FT,PENETRATION TESTING ENGINEER,50000,USD,50000,US,100,US,S
2022,EN,FT,INCIDENT RESPONSE ANALYST,85000,USD,85000,US,100,US,L
2022,MI,FT,INFORMATION SECURITY MANAGER,171200,USD,171200,US,100,US,L
2021,MI,FT,INFORMATION SECURITY ANALYST,66000,USD,66000,US,100,US,L
2022,EX,FT,HEAD OF SECURITY,270000,USD,270000,US,50,US,L
2022,MI,FT,INFORMATION SECURITY ANALYST,84583,USD,84583,US,0,US,L
2021,EN,FT,SECURITY ANALYST,70000,USD,70000,US,0,US,L
2022,EN,FT,PENETRATION TESTER,63000,USD,63000,US,50,US,L
2022,SE,FT,INFORMATION SECURITY MANAGER,57000,EUR,61707,NL,100,NL,L
2021,MI,FT,AZURE SECURITY ENGINEER,56400,GBP,77576,GB,100,GB,L
2022,SE,FT,IT SECURITY MANAGER,950000,SEK,97982,SE,0,SE,L
2022,EN,FT,IT SECURITY MANAGER,110000,USD,110000,US,50,US,M
2021,EN,FT,CYBER SECURITY ANALYST,53000,USD,53000,US,50,US,M
2021,EN,FT,SOC ANALYST,55000,USD,55000,US,50,US,S
2021,SE,FT,SECURITY ANALYST,180000,USD,180000,US,100,US,L
2022,SE,FT,THREAT HUNTING LEAD,61000,USD,61000,HU,50,HU,L
2022,MI,FT,SECURITY SPECIALIST,55000,GBP,70569,GB,50,GB,S
2021,MI,FT,CYBER THREAT ANALYST,84000,EUR,99292,DE,50,DE,L
2022,MI,FT,INFORMATION SECURITY OFFICER,15240,USD,5965.92,ET,0,ET,L
2022,EN,FT,INFORMATION SECURITY SPECIALIST,70000,CAD,54915,CA,100,CA,L
2022,SE,FT,INFORMATION SECURITY SPECIALIST,106000,USD,106000,US,100,US,L
2021,MI,FT,SOC ANALYST,56000,GBP,77026,GB,100,GB,L
2022,MI,FT,CYBER SECURITY ENGINEER,98000,USD,98000,US,100,US,L
2020,SE,FT,CYBER THREAT ANALYST,125000,USD,125000,US,50,US,L
2022,SE,FT,CYBER SECURITY ENGINEER,1078000,INR,19568,IN,0,IN,S
2021,SE,FT,INFORMATION SECURITY MANAGER,50000,EUR,59102,IT,100,IT,S
2022,MI,FT,INCIDENT RESPONSE ANALYST,160000,USD,160000,US,100,US,L
2022,SE,FT,SECURITY ANALYST,467000,MXN,23001,MX,100,MX,L
2022,EX,FT,CHIEF INFORMATION SECURITY OFFICER,102500,EUR,110965,DE,100,DE,M
2022,SE,FT,PENETRATION TESTING ENGINEER,150000,USD,150000,US,100,US,M
2022,EN,FT,IT SECURITY ANALYST,76000,USD,76000,US,50,US,L
2022,SE,FT,SECURITY RESEARCHER,480000,ILS,145499,IL,50,IL,M
2021,EX,FT,CHIEF INFORMATION SECURITY OFFICER,310000,USD,310000,US,50,US,L
2022,MI,FT,INFORMATION SECURITY ANALYST,46000,GBP,59021,GB,100,GB,L
2022,MI,FT,CYBER SECURITY SPECIALIST,65000,EUR,70368,NL,50,NL,L
2022,MI,FT,INCIDENT RESPONSE ANALYST,155000,CAD,121599,CA,100,US,L
2021,MI,FT,INCIDENT RESPONSE MANAGER,99980,USD,99980,US,100,US,L
2021,MI,FT,CYBER THREAT ANALYST,145000,USD,145000,US,100,US,L
2022,EN,FT,CYBER SECURITY SPECIALIST,79000,USD,79000,US,50,US,M
2021,MI,FT,INCIDENT RESPONSE LEAD,120000,USD,120000,US,100,US,L
2022,EX,FT,HEAD OF SECURITY,210000,USD,210000,US,100,US,L
2022,MI,FT,CYBER THREAT INTELLIGENCE ANALYST,125000,USD,125000,US,100,US,M
2022,SE,FT,SECURITY ANALYST,115000,USD,115000,US,100,US,L
2021,SE,FT,INCIDENT RESPONSE LEAD,225000,USD,225000,US,100,US,L
2022,SE,FT,CYBER SECURITY ENGINEER,38000,EUR,41138,ES,100,ES,M
2022,EN,FT,SOC ANALYST,52000,CAD,40794,CA,100,CA,L
2022,EX,FT,CHIEF INFORMATION SECURITY OFFICER,250000,EUR,270647,IT,50,IT,L
2022,SE,FT,DETECTION ENGINEER,710000,GBP,321950,GB,100,GB,L
2022,EX,FT,INFORMATION SECURITY MANAGER,153000,USD,153000,US,100,US,L
2020,MI,FT,INCIDENT RESPONSE LEAD,38000,EUR,43338,IE,100,IE,L
2022,SE,FT,CORPORATE SECURITY ENGINEER,180000,USD,180000,US,100,US,M
2021,MI,FT,CYBER THREAT INTELLIGENCE ANALYST,120000,USD,120000,US,100,US,L
2022,MI,FT,CYBER SECURITY ANALYST,107000,USD,107000,US,100,US,L
2022,SE,FT,SECURITY ENGINEERING MANAGER,20000,USD,20000,PK,0,PK,L
2022,EN,FT,CYBER SECURITY ANALYST,65000,USD,65000,US,100,US,L
2021,SE,FT,PENETRATION TESTER,150000,USD,150000,CA,100,CA,S
2022,SE,FT,SECURITY ANALYST,57000,GBP,73135,GB,100,GB,L
2021,SE,FT,SECURITY ENGINEERING MANAGER,305000,USD,305000,US,100,US,L
2022,SE,FT,SECURITY RESEARCHER,500000,USD,321950,US,100,US,L
2021,SE,FT,INFORMATION SYSTEMS SECURITY ENGINEER,125000,USD,125000,US,100,US,L
2022,EN,FT,CYBER THREAT INTELLIGENCE ANALYST,51000,GBP,65437,GB,50,GB,L
2021,SE,FT,STAFF SECURITY ENGINEER,140000,USD,140000,US,50,US,L
2022,SE,FT,INFORMATION SECURITY ARCHITECT,297000,USD,297000,US,50,US,L
2021,MI,FT,INFORMATION SECURITY ANALYST,46560,USD,46560,US,100,US,L
2022,SE,FT,CYBER SECURITY ANALYST,96000,USD,96000,US,100,US,L
2022,SE,FT,PENETRATION TESTER,130000,USD,130000,US,100,US,L
2022,SE,FT,INFORMATION SECURITY MANAGER,100000,GBP,128308,GB,100,NO,L
2021,SE,FT,SECURITY ENGINEERING MANAGER,71500,GBP,98346,GB,100,NO,L
2021,SE,CT,CYBER SECURITY SPECIALIST,260000,PLN,67307,PL,100,PL,S
2022,EN,FT,CYBER THREAT INTELLIGENCE ANALYST,36500,EUR,39514,FR,50,FR,L
2022,SE,FT,SECURITY RESEARCHER,82000,EUR,88772,DE,100,US,L
2022,SE,FT,CYBER SECURITY ANALYST,129000,USD,129000,US,100,US,L
2022,SE,FT,CYBER SECURITY ENGINEER,155000,USD,155000,US,100,US,L
2021,SE,FT,CYBER SECURITY ARCHITECT,125000,USD,125000,US,100,US,L
2020,EN,FT,SOC ANALYST,73000,USD,73000,US,0,US,M
2021,SE,FT,CYBER SECURITY ENGINEER,170000,USD,170000,US,100,US,L
2022,EN,FT,CYBER SECURITY ANALYST,70000,USD,70000,US,100,US,M
2021,MI,FT,INFORMATION SECURITY ANALYST,98000,USD,98000,US,100,US,L
2022,SE,FT,CYBER THREAT INTELLIGENCE ANALYST,143000,USD,143000,US,100,US,L
2021,MI,FT,SECURITY ENGINEER,83500,USD,83500,US,0,US,L
2022,MI,FT,SECURITY OPERATIONS ANALYST,120000,USD,120000,US,100,US,L
2022,MI,FT,SECURITY ENGINEER,120000,USD,120000,US,100,US,M
2022,MI,FT,CYBER SECURITY ANALYST,20100,USD,20100,CR,100,US,L
2022,EX,FT,SECURITY RESEARCHER,240000,USD,240000,US,100,US,L
2021,MI,FT,CYBER THREAT INTELLIGENCE ANALYST,97000,USD,97000,US,100,US,L
2022,SE,FT,THREAT INTELLIGENCE RESPONSE ANALYST,220000,USD,220000,US,100,US,L
2022,EX,FT,CYBER THREAT INTELLIGENCE ANALYST,287500,USD,287500,US,50,US,L
2022,SE,FT,PENETRATION TESTER,150000,USD,150000,US,100,US,M
2021,SE,FT,CYBER SECURITY ENGINEER,120000,USD,120000,US,100,US,L
2021,SE,FT,THREAT INTELLIGENCE ANALYST,157000,USD,157000,US,100,US,L
2021,SE,FT,THREAT INTELLIGENCE ANALYST,208000,USD,208000,JP,100,US,L
2022,SE,FT,SECURITY SPECIALIST,100500,USD,100500,US,100,US,L
2021,EX,FT,INCIDENT RESPONSE MANAGER,175000,USD,175000,US,100,US,L
2022,SE,FT,CYBER THREAT INTELLIGENCE ANALYST,150000,USD,150000,US,100,US,L
2021,SE,FT,CYBER THREAT ANALYST,125000,USD,125000,US,100,US,L
2022,SE,FT,IT SECURITY MANAGER,190000,USD,190000,US,50,US,L
2022,EN,FT,SECURITY ANALYST,65000,USD,65000,US,100,US,L
2022,MI,FT,SECURITY RESEARCHER,160000,USD,160000,US,50,US,S
2022,MI,FT,CYBER SECURITY ANALYST,90000,USD,90000,US,100,US,S
2022,SE,FT,DETECTION ENGINEER,360000,USD,321950,US,100,US,L
2022,SE,FT,DETECTION ENGINEER,200000,USD,200000,US,100,US,L
2021,EN,FT,SOC ANALYST,32000,EUR,37825,PT,100,PT,L
2022,MI,FT,CLOUD SECURITY ENGINEER,120000,USD,120000,US,100,US,L
2022,EN,FT,CYBER SECURITY ANALYST,34000,USD,34000,US,100,US,L
2022,EN,FT,CLOUD SECURITY ARCHITECT,67000,GBP,85966,NG,100,GB,M
2022,SE,FT,OFFENSIVE SECURITY ENGINEER,40000,GBP,51323,IE,100,GB,S
2022,MI,FT,PENETRATION TESTER,165000,USD,165000,US,100,US,M
2022,SE,FT,CYBER SECURITY ENGINEER,173000,USD,173000,US,50,US,L
2021,MI,FT,CYBER SECURITY ENGINEER,109000,USD,109000,US,0,US,L
2022,MI,FT,THREAT INTELLIGENCE ANALYST,126000,USD,126000,US,0,US,M
2022,MI,FT,INFORMATION SECURITY ANALYST,230000,USD,230000,US,50,US,L
2022,SE,FT,INFORMATION SECURITY SPECIALIST,112000,USD,112000,US,100,US,M
2022,SE,FT,CYBER SECURITY ANALYST,130000,USD,130000,US,50,US,L
2022,SE,FT,ENTERPRISE SECURITY ENGINEER,130000,USD,130000,US,100,US,L
2022,EN,FT,CYBER SECURITY ANALYST,58000,USD,58000,US,100,US,S
2021,MI,FT,VULNERABILITY MANAGEMENT ENGINEER,69000,USD,69000,US,100,US,L
2022,MI,FT,CYBER SECURITY SPECIALIST,145000,USD,145000,US,50,US,L
2022,MI,FT,INFORMATION SECURITY OFFICER,61000,USD,61000,US,0,US,M
2021,EN,FT,INFORMATION SECURITY ANALYST,70000,USD,70000,US,100,US,L
2021,SE,FT,INFORMATION SECURITY ARCHITECT,126000,USD,126000,US,50,US,L
2022,SE,FT,INFORMATION SECURITY MANAGER,67000,EUR,72533,DE,100,DE,L
2021,EX,FT,HEAD OF SECURITY,145000,USD,145000,US,100,US,L
2022,MI,FT,CYBER SECURITY ANALYST,74900,USD,74900,US,0,US,L
2021,MI,FT,PENETRATION TESTER,55000,EUR,65013,DE,100,DE,M
2021,SE,FT,CYBER SECURITY ANALYST,87000,USD,87000,AE,50,US,L
2021,EN,FT,CYBER SECURITY ENGINEER,65000,USD,65000,US,100,US,L
2021,MI,FT,SECURITY RESEARCHER,45000,EUR,53192,PT,100,US,L
2022,SE,FT,INFORMATION SECURITY MANAGER,143000,USD,143000,US,50,US,L
2022,SE,FT,VULNERABILITY ANALYST,165000,USD,165000,US,100,US,L
2022,MI,FT,ETHICAL HACKER,700000,NOK,75658,NO,50,NO,L
2022,SE,FT,INFORMATION SECURITY MANAGER,130000,EUR,140736,DE,100,DE,L
2021,MI,FT,SECURITY SPECIALIST,130000,USD,130000,US,100,US,L
2021,SE,FT,CYBER THREAT INTELLIGENCE ANALYST,125000,USD,125000,US,100,US,L
2022,SE,FT,INCIDENT RESPONSE LEAD,112000,USD,112000,US,50,US,L
2022,SE,FT,SECURITY ENGINEER,119500,USD,119500,US,100,US,L
2021,EX,FT,CHIEF INFORMATION SECURITY OFFICER,220500,USD,220500,US,100,US,L
2022,EN,FT,SECURITY ANALYST,70000,USD,70000,US,100,US,L
2022,SE,FT,IT SECURITY MANAGER,172000,USD,172000,US,100,US,L
2022,SE,FT,PENETRATION TESTER,118000,USD,118000,US,100,US,S
2021,SE,FT,CYBER SECURITY ENGINEER,130000,EUR,153667,NL,100,US,L
2022,EX,FT,CHIEF INFORMATION SECURITY OFFICER,300000,BRL,58624,BR,100,BR,L
2021,EN,FT,CYBER SECURITY ANALYST,50000,BRL,9268,BR,100,BR,L
2021,MI,FT,CYBER SECURITY ANALYST,73300,USD,73300,US,0,US,L
2022,MI,FT,PENETRATION TESTER,143000,USD,143000,US,100,US,L
2022,EX,FT,THREAT INTELLIGENCE RESPONSE ANALYST,300000,USD,300000,GB,100,RU,L
2021,SE,FT,PENETRATION TESTER,105000,USD,105000,US,100,US,S
2022,SE,FT,LEAD SECURITY ENGINEER,200000,GBP,256617,GB,0,GB,L
2022,MI,FT,PENETRATION TESTER,42000,USD,42000,CZ,50,CZ,L
2022,SE,FT,INCIDENT RESPONSE LEAD,1078000,IDR,34432,ID,100,ID,L
2022,EN,FT,INFORMATION SECURITY ENGINEER,41000,EUR,44386,FR,0,FR,L
2022,SE,FT,CYBER SECURITY ENGINEER,105000,USD,105000,US,0,US,S
2022,EX,FT,HEAD OF SECURITY,360000,BRL,70348,BR,100,BR,L
2022,MI,FT,SECURITY ENGINEER,130000,USD,130000,US,100,US,L
2022,SE,FT,DEVOPS SECURITY ENGINEER,180000,BRL,35174,BR,100,BR,L
2021,EN,FT,PENETRATION TESTER,42000,EUR,49646,DE,50,DE,L
2021,EN,FT,CYBER SECURITY ANALYST,40000,USD,40000,AE,100,AE,L
2021,SE,FT,INFORMATION SECURITY ARCHITECT,100000,EUR,118205,IE,100,IE,L
2021,SE,FT,CHIEF INFORMATION SECURITY OFFICER,100000,GBP,137547,GB,100,GB,L
2021,SE,FT,INFORMATION SECURITY ANALYST,200000,CHF,218742,CH,100,CH,L
2022,EN,CT,SOC ANALYST,70000,USD,70000,US,100,US,L
2022,EN,FT,THREAT INTELLIGENCE ANALYST,85000,USD,85000,US,100,US,L
2022,SE,FT,CYBER THREAT INTELLIGENCE ANALYST,181000,USD,181000,US,100,US,L
2022,SE,FT,INCIDENT RESPONSE LEAD,224000,USD,224000,US,100,US,L
2022,SE,FT,INFORMATION SECURITY ARCHITECT,286000,BRL,55888,BR,100,US,L
2022,SE,FT,CYBER SECURITY ANALYST,180000,BRL,35174,BR,100,BR,L
2022,EX,FT,HEAD OF SECURITY,220000,USD,220000,US,100,US,L
2022,SE,FT,INFORMATION SECURITY MANAGER,174000,BRL,34001,BR,100,BR,L
2022,SE,FT,DEVOPS SECURITY ENGINEER,120000,CAD,94141,CA,100,CA,L
2021,SE,FT,SECURITY SPECIALIST,211000,USD,211000,US,100,US,L
2022,SE,FT,CLOUD SECURITY ARCHITECT,110000,USD,110000,US,100,US,L
2022,MI,FT,CYBER THREAT INTELLIGENCE ANALYST,200000,USD,200000,US,100,US,L
2021,MI,FT,PRODUCT SECURITY ENGINEER,170000,USD,170000,US,100,US,L
2021,SE,FT,INFORMATION SECURITY MANAGER,135000,USD,135000,US,100,US,L
2022,EX,FT,THREAT INTELLIGENCE ANALYST,189000,USD,189000,US,100,US,L
2021,EX,FT,HEAD OF SECURITY,173000,USD,173000,US,100,US,M
2022,SE,FT,INCIDENT RESPONSE LEAD,249000,USD,249000,US,100,US,L
2022,SE,FT,IT SECURITY MANAGER,140000,USD,140000,US,100,US,L
2022,SE,CT,DETECTION ENGINEER,135000,USD,135000,US,50,US,L
2022,EN,FT,THREAT INTELLIGENCE ANALYST,104000,AUD,74289,AU,100,AU,L
2022,SE,FT,INCIDENT RESPONSE MANAGER,600000,USD,321950,US,100,US,L
2021,MI,FT,INFORMATION SECURITY SPECIALIST,100000,USD,100000,US,50,US,L
2021,SE,FT,NETWORK SECURITY ENGINEER,102000,USD,102000,US,50,US,L
2022,MI,FT,INFORMATION SECURITY ANALYST,60000,USD,60000,US,100,US,M
2022,SE,FT,SECURITY ENGINEERING MANAGER,183000,USD,183000,US,100,US,L
2022,SE,FT,CLOUD SECURITY ARCHITECT,190000,USD,190000,US,100,US,L
2022,MI,FT,INFORMATION SECURITY ENGINEER,130000,USD,130000,US,100,US,L
2021,SE,FT,CYBER SECURITY ARCHITECT,110000,EUR,130026,NL,100,NL,L
2021,EN,FT,APPLICATION SECURITY ENGINEER,175000,USD,175000,US,100,US,L
2021,EN,FT,APPLICATION SECURITY ENGINEER,1078000,INR,16228,IN,0,IN,L
2022,MI,FT,PRIVACY MANAGER,150000,USD,150000,US,100,US,M
2021,MI,FT,CLOUD SECURITY ENGINEER,155000,USD,155000,US,100,GB,L
2021,EX,FT,CHIEF INFORMATION SECURITY OFFICER,120000,EUR,141846,FR,50,FR,L
2021,EN,FT,CYBER SECURITY ENGINEER,74000,USD,74000,US,50,US,S
2021,SE,FT,CYBER SECURITY SPECIALIST,39000,EUR,46100,FR,0,FR,L
2022,SE,FT,LEAD SECURITY ENGINEER,112000,USD,112000,US,100,US,L
2022,SE,FT,SECURITY ENGINEER,255000,USD,255000,US,100,US,L
2022,SE,FT,SECURITY ENGINEER,170000,USD,170000,US,100,US,L
2022,SE,FT,PENETRATION TESTING ENGINEER,173000,USD,173000,US,0,US,L
2021,MI,FT,SECURITY ENGINEER,130000,USD,130000,US,100,US,L
2022,SE,FT,IT SECURITY ENGINEER,150000,USD,150000,US,100,US,L
2022,EX,FT,HEAD OF SECURITY,200000,USD,200000,US,100,US,L
2022,MI,FT,CYBER SECURITY ENGINEER,130000,CAD,101986,CA,100,US,L
2021,MI,FT,IT SECURITY ANALYST,76000,USD,76000,US,100,US,L
2022,MI,FT,CYBER THREAT ANALYST,88000,USD,88000,US,100,US,L
2021,EN,FT,SECURITY ANALYST,50000,USD,50000,US,100,US,S
2021,SE,FT,SECURITY ANALYST,80000,USD,80000,US,100,US,S
2022,MI,FT,CYBER SECURITY ANALYST,131800,USD,131800,US,0,US,L
2022,MI,FT,CYBER SECURITY ANALYST,99900,USD,99900,US,0,US,L
2021,MI,FT,CYBER SECURITY ENGINEER,110000,USD,110000,US,100,US,M
2022,MI,FT,INFORMATION SECURITY MANAGER,160000,USD,160000,US,50,US,L
2021,MI,FT,INFORMATION SECURITY MANAGER,128000,USD,128000,US,100,US,L
2022,MI,FT,INFORMATION SECURITY MANAGER,130000,USD,130000,US,0,US,L
2021,MI,FT,THREAT INTELLIGENCE ANALYST,125000,USD,125000,US,100,US,L
2022,SE,FT,INFORMATION SECURITY MANAGER,310000,USD,310000,US,100,US,L
2022,EN,FT,CYBER SECURITY ANALYST,55000,USD,55000,US,0,US,L
2021,SE,FT,IT SECURITY MANAGER,138000,USD,138000,US,100,US,L
2022,SE,FT,IT SECURITY MANAGER,182000,CAD,142780,CA,0,CA,L
2022,SE,FT,IT SECURITY MANAGER,130000,CAD,101986,CA,0,CA,L
2021,MI,FT,CYBER SECURITY SPECIALIST,54000,EUR,63831,EE,50,EE,M
2020,MI,CT,CHIEF INFORMATION SECURITY OFFICER,150000,AUD,103310,AU,0,AU,M
2021,EN,FT,CYBER SECURITY ANALYST,60000,USD,60000,US,50,US,L
2021,SE,FT,NETWORK AND SECURITY ENGINEER,99960,USD,99960,US,0,US,L
2020,EN,FT,CYBER SECURITY ANALYST,425000,INR,5965.92,IN,100,IN,L
2021,EN,PT,INFORMATION SECURITY ANALYST,30000,USD,30000,US,100,US,L
2022,MI,FT,SECURITY ENGINEER,110000,USD,110000,US,50,US,L
2021,MI,FT,INFORMATION SECURITY SPECIALIST,68900,USD,68900,US,100,US,L
2021,MI,FT,IT SECURITY MANAGER,116000,USD,116000,US,0,US,S
2022,EN,FT,CYBER THREAT ANALYST,99000,USD,99000,CA,100,CA,L
2022,MI,FT,CYBER SECURITY ANALYST,80000,EUR,86607,IE,100,IE,L
2021,MI,FT,CYBER SECURITY ANALYST,60000,CAD,47857,CA,50,CA,L
2022,EN,FT,INFORMATION SYSTEMS SECURITY ENGINEER,44000,USD,44000,SG,0,SG,L
2022,EN,FT,CYBER SECURITY ANALYST,52000,USD,52000,US,50,US,S
2021,MI,FT,IT SECURITY ANALYST,115500,USD,115500,US,100,US,L
2022,MI,FT,INFORMATION SECURITY SPECIALIST,100000,CAD,78451,CA,100,CA,L
2022,MI,FT,INFORMATION SECURITY SPECIALIST,100000,AUD,71432,CA,100,CA,L
2021,SE,FT,INFORMATION SECURITY ENGINEER,104000,USD,104000,US,100,US,L
2020,MI,FT,CYBER SECURITY ANALYST,65000,EUR,74130,DE,100,DE,L
2022,EN,FT,NETWORK AND SECURITY ENGINEER,70000,USD,70000,IN,0,US,L
2021,SE,FT,PENETRATION TESTER,264000,PLN,68342,PL,100,PL,L
2022,MI,FT,CYBER SECURITY ANALYST,131500,USD,131500,US,0,US,L
2022,MI,FT,CYBER SECURITY ANALYST,99950,USD,99950,US,0,US,L
2021,EN,FT,CYBER SECURITY ANALYST,76200,USD,76200,US,50,US,L
2021,MI,FT,DIGITAL FORENSICS ANALYST,100000,USD,100000,US,100,US,M
2022,MI,FT,INFORMATION SECURITY OFFICER,100000,USD,100000,US,50,US,L
2021,SE,FT,SECURITY ENGINEER,145000,USD,145000,US,50,US,L
2021,MI,FT,INFORMATION SECURITY ANALYST,120000,USD,120000,US,100,US,L
2021,MI,FT,PENETRATION TESTER,100000,USD,100000,US,100,US,M
2021,MI,FT,SOFTWARE SECURITY ENGINEER,320000,USD,320000,US,50,US,L
2021,EN,FT,SECURITY ANALYST,75000,USD,75000,US,100,US,S
2021,SE,FT,CYBER SECURITY ENGINEER,150000,USD,150000,US,100,US,L
2021,MI,FT,SECURITY ENGINEER,69000,EUR,81562,DE,50,DE,L
2021,SE,FT,PRIVACY MANAGER,120000,USD,120000,US,100,US,L
2020,MI,FT,CYBER THREAT ANALYST,115000,USD,115000,US,100,US,L
2021,MI,FT,SECURITY ANALYST,91700,USD,91700,US,0,US,L
2021,MI,FT,SECURITY ANALYST,82600,USD,82600,US,0,US,L
2021,SE,FT,IT SECURITY MANAGER,146000,USD,146000,US,100,US,L
2021,MI,FT,CYBER SECURITY ANALYST,135000,USD,135000,US,50,US,L
2021,SE,FT,INFORMATION SECURITY MANAGER,185000,USD,185000,US,50,US,L
2021,EX,FT,HEAD OF SECURITY,220000,USD,220000,US,50,US,L
2021,EN,FT,SOC ANALYST,68500,USD,68500,US,50,US,M
2020,SE,FT,INFORMATION SECURITY MANAGER,150000,CAD,111883,CA,100,US,L
2021,MI,FT,PENETRATION TESTER,115000,USD,115000,US,100,US,M
2021,MI,FT,CYBER SECURITY ENGINEER,97350,USD,97350,US,100,US,L
2020,SE,FT,INFORMATION SECURITY ANALYST,94000,USD,94000,US,50,US,L
2021,EN,FT,CYBER SECURITY ENGINEER,93000,USD,93000,US,100,US,L
2021,SE,FT,INFORMATION SECURITY ANALYST,130000,USD,130000,US,100,US,L
2020,SE,FT,CLOUD SECURITY ENGINEER,65000,EUR,74130,ES,50,US,L
2021,MI,FT,CYBER SECURITY ARCHITECT,105000,CHF,114839,CH,0,CH,L
2021,MI,FT,CLOUD SECURITY ENGINEER,100000,USD,100000,KG,50,RU,L
2021,EN,FT,CYBER SECURITY ANALYST,79000,USD,79000,US,100,US,L
2021,SE,FT,CYBER SECURITY TRAINING SPECIALIST,130000,USD,130000,US,100,US,M
2020,SE,FT,CYBER SECURITY SPECIALIST,129998,USD,129998,US,100,US,M
2021,EN,FT,CYBER SECURITY ANALYST,75000,USD,75000,US,100,US,M
2021,SE,FT,THREAT INTELLIGENCE ANALYST,155000,USD,155000,US,100,US,S
2021,MI,FT,INFORMATION SECURITY OFFICER,40200,EUR,47518,DE,50,DE,S
2021,MI,FT,CYBER THREAT INTELLIGENCE ANALYST,75000,USD,75000,US,100,US,L
2021,SE,FT,PRODUCT SECURITY ENGINEER,85000,EUR,100474,ES,100,ES,L
2021,SE,FT,INFORMATION SECURITY MANAGER,200000,USD,200000,US,0,US,M
2021,MI,FT,INFORMATION SECURITY ANALYST,93600,USD,93600,US,100,US,L
2021,MI,FT,CHIEF INFORMATION SECURITY OFFICER,96500,USD,96500,US,0,US,L
2021,EN,FT,CYBER SECURITY ANALYST,100000,USD,100000,KE,100,KE,M
2021,SE,FT,CYBER SECURITY ARCHITECT,205000,USD,205000,US,100,US,L
2020,EN,FT,SECURITY ENGINEER,122000,USD,122000,US,0,US,L
2020,EN,FT,CYBER SECURITY ANALYST,96000,USD,96000,US,50,US,L
2021,EN,FT,SOC ANALYST,72000,USD,72000,US,100,US,L
2021,EN,FT,CYBER SECURITY ANALYST,50000,USD,50000,US,100,US,L
2021,EN,FT,IT SECURITY ANALYST,50000,USD,50000,US,0,US,L
2021,MI,FT,CYBER SECURITY ENGINEER,45000,GBP,61896,GB,100,GB,L
2021,EN,FT,CYBER SECURITY ENGINEER,150000,EUR,177308,BG,100,GB,L
2021,MI,FT,CLOUD SECURITY ENGINEER,1000000,INR,13523,IN,50,IN,L
2021,EN,FT,PENETRATION TESTER,35000,GBP,48141,GB,100,GB,M
2021,MI,FT,IT SECURITY ENGINEER,23000,EUR,27187,GR,0,GR,M
2021,SE,FT,INFORMATION SECURITY ARCHITECT,140000,USD,140000,US,100,US,L
2021,MI,FT,CYBER SECURITY ANALYST,85000,USD,85000,US,100,US,S
2021,SE,FT,INFORMATION SECURITY SPECIALIST,92000,USD,92000,US,100,US,L
2020,MI,FT,DEVSECOPS ENGINEER,103000,USD,103000,US,50,US,L
2021,EN,FT,PENETRATION TESTER,70000,USD,70000,IR,0,CA,L
2021,EN,FT,DEVSECOPS ENGINEER,27000,EUR,31915,EE,0,EE,L
2021,EN,FT,CYBER SECURITY ANALYST,65000,USD,65000,US,100,US,L
2020,SE,FT,INCIDENT RESPONSE MANAGER,180000,USD,180000,US,50,US,L
2021,SE,FT,INFORMATION SECURITY MANAGER,50500,EUR,59693,PT,50,PT,L
2020,MI,FT,CYBER SECURITY ANALYST,83500,CHF,88981,CH,100,CH,L
2021,SE,FT,CYBER SECURITY ENGINEER,216000,USD,216000,US,100,US,L
2020,MI,FT,IT SECURITY ANALYST,90000,USD,90000,US,100,US,M
2021,SE,FT,CYBER SECURITY ANALYST,95000,USD,95000,US,100,CA,L
2021,EN,FT,PENETRATION TESTER,70000,USD,70000,US,50,US,S
2021,SE,FT,LEAD SECURITY ENGINEER,150000,USD,150000,US,100,US,M
2021,SE,FT,SECURITY ENGINEER,130000,USD,130000,US,100,US,M
2021,SE,FT,CYBER SECURITY ENGINEER,175000,USD,175000,US,100,US,L
2021,MI,FT,CYBER SECURITY ENGINEER,220000,USD,220000,US,50,US,M
2021,EN,FT,INFORMATION SECURITY OFFICER,106000,USD,106000,US,0,US,L
2021,SE,FT,INCIDENT RESPONSE ANALYST,120000,USD,120000,US,100,US,L
2021,EN,FT,CYBER SECURITY ANALYST,75000,USD,75000,US,100,US,L
2021,EN,FT,CYBER SECURITY ANALYST,26100,GBP,35899,GB,50,GB,L
2021,MI,FT,CYBER SECURITY ANALYST,96000,USD,96000,US,50,US,L
2021,EN,FT,INFORMATION SECURITY ANALYST,75000,USD,75000,US,50,US,L
2021,EN,FT,CYBER SECURITY ANALYST,75000,EUR,88654,NL,100,NL,L
2021,SE,FT,INFORMATION SECURITY MANAGER,1078000,INR,43275,IN,0,IN,L
2021,MI,FT,CYBER SECURITY ANALYST,1078000,INR,43275,IN,0,IN,L
2021,EN,FT,INFORMATION SECURITY ANALYST,65000,USD,65000,US,100,US,L
2020,EN,FT,CYBER SECURITY ENGINEER,80000,USD,80000,US,50,US,L
2020,MI,FT,SOC ANALYST,91520,USD,91520,US,0,US,L
2021,EX,FT,HEAD OF SECURITY,340000,AUD,255170,AU,50,AU,L
2021,SE,FT,SECURITY ENGINEERING MANAGER,135600,USD,135600,US,0,US,L
2020,EN,FT,CYBER SECURITY ANALYST,400000,DKK,61195,DK,0,DK,M
2021,MI,FT,INFORMATION SECURITY ANALYST,53000,USD,53000,US,0,US,L
2021,MI,FT,CYBER SECURITY ENGINEER,72000,USD,72000,US,50,US,M
2021,MI,FT,IT SECURITY ENGINEER,169000,USD,169000,US,50,US,L
2021,MI,FT,INFORMATION SECURITY MANAGER,162000,AUD,121581,AU,100,AU,L
2020,MI,FT,CYBER SECURITY ARCHITECT,99000,USD,99000,US,0,US,L
2021,MI,FT,PENETRATION TESTER,100000,USD,100000,US,100,US,L
2021,MI,FT,INFORMATION SECURITY MANAGER,130000,USD,130000,US,0,US,M
2021,MI,FT,SECURITY ANALYST,97000,USD,97000,US,100,US,L
2020,MI,FT,CYBER SECURITY ANALYST,60000,EUR,68428,IE,50,IE,L
2021,MI,FT,CYBER SECURITY ANALYST,55000,EUR,65013,PT,100,DE,S
2021,MI,FT,IT SECURITY ENGINEER,90000,USD,90000,US,50,US,L
2021,EN,FT,INFORMATION SECURITY ENGINEER,85000,USD,85000,US,100,US,L
2020,EN,FT,VULNERABILITY RESEARCHER,85000,USD,85000,US,0,US,L
2020,MI,FT,PENETRATION TESTER,432000,DKK,66091,DK,50,DK,L
2021,SE,FT,CYBER SECURITY SPECIALIST,95000,CAD,75774,CA,100,CA,S
2020,MI,FT,INCIDENT RESPONSE MANAGER,123000,USD,123000,US,0,US,L
2021,SE,FT,CYBER SECURITY ANALYST,80000,USD,80000,IN,50,RS,L
2021,SE,FT,CLOUD SECURITY ENGINEER,170000,USD,170000,US,100,US,L
2021,EN,FT,CYBER THREAT INTELLIGENCE ANALYST,77000,USD,77000,US,100,US,L
2021,MI,FT,PENETRATION TESTER,80000,CAD,63810,CA,100,CA,L
2021,EX,FT,CHIEF INFORMATION SECURITY OFFICER,375000,USD,321950,US,100,US,L
2021,EN,FT,CYBER SECURITY ANALYST,50400,EUR,59575,DE,50,DE,M
2020,MI,FT,SECURITY ENGINEER,135000,USD,135000,US,100,US,M
2020,SE,FT,SECURITY ENGINEER,148000,USD,148000,US,50,US,M
2020,SE,FT,STAFF APPLICATION SECURITY ENGINEER,180000,USD,180000,US,100,US,L
2021,MI,FT,CYBER SECURITY ANALYST,90000,USD,90000,US,100,US,L
2021,EN,FT,CYBER SECURITY ANALYST,63700,USD,63700,US,100,US,L
2021,SE,FT,INCIDENT RESPONSE ANALYST,65000,GBP,89405,GB,100,GB,L
2020,EX,FT,INFORMATION SECURITY MANAGER,117810,USD,117810,US,0,US,S
2020,MI,FT,INFORMATION SYSTEMS SECURITY ENGINEER,200000,USD,200000,US,100,US,L
2021,SE,FT,CYBER SECURITY ANALYST,48000,EUR,56738,SI,50,SI,M
2021,MI,FT,SOC ANALYST,80000,CAD,63810,CA,100,CA,L
2020,SE,FT,CYBER SECURITY ANALYST,134000,USD,134000,US,100,US,L
2021,MI,FT,CYBER SECURITY ANALYST,119000,USD,119000,US,100,AU,L
2020,MI,FT,INFORMATION SECURITY ANALYST,140000,USD,140000,US,0,US,L
2020,MI,FT,CYBER SECURITY ENGINEER,175000,USD,175000,US,50,US,L
2021,SE,FT,CYBER SECURITY ANALYST,85000,USD,85000,US,50,US,L
2020,MI,FT,OFFENSIVE SECURITY ENGINEER,180000,USD,180000,US,50,US,M
2021,SE,FT,INFORMATION SECURITY ENGINEER,320000,USD,320000,US,100,US,L
2021,MI,FT,SOC ANALYST,75000,USD,75000,US,100,US,M
2021,MI,FT,PENETRATION TESTING ENGINEER,127000,USD,127000,US,100,US,L
2021,EN,FT,CYBER SECURITY SPECIALIST,45100,USD,45100,US,50,US,L
2021,SE,FT,INFORMATION SECURITY OFFICER,124000,USD,124000,US,50,US,L
2021,MI,FT,INFORMATION SECURITY MANAGER,90000,USD,90000,US,0,US,M
2021,EX,FT,IAM ENGINEER,240000,USD,240000,US,50,US,L
2020,MI,FT,SECURITY ENGINEER,80000,USD,80000,US,100,US,M
2020,MI,FT,SECURITY ENGINEER,120000,AUD,82648,AU,50,AU,L
2020,SE,FT,SECURITY ENGINEERING MANAGER,27000,USD,27000,AR,50,AR,M
2020,MI,FT,CYBER SECURITY ANALYST,87500,USD,87500,US,100,US,L
2020,MI,FT,CYBER SECURITY ANALYST,110000,USD,110000,US,0,US,L
2021,EN,FT,PENETRATION TESTER,98000,USD,98000,US,50,US,L
2020,MI,FT,CYBER SECURITY ARCHITECT,102000,USD,102000,US,50,US,L
2020,MI,FT,CYBER THREAT ANALYST,72000,USD,72000,US,100,US,L
2021,EX,FT,CHIEF INFORMATION SECURITY OFFICER,300000,CAD,239287,CA,50,CA,S
2021,MI,FT,IT SECURITY ENGINEER,124000,USD,124000,US,0,US,M
2021,EN,FT,ETHICAL HACKER,119000,USD,119000,US,100,US,L
2020,SE,FT,PRINCIPAL SECURITY ENGINEER,175000,USD,175000,US,100,US,L
2021,SE,FT,INFORMATION SECURITY MANAGER,180000,USD,180000,US,100,US,L
2020,SE,FT,SOC ANALYST,85000,CAD,63400,CA,100,CA,S
2021,EN,FT,SOC ANALYST,65000,NZD,45950,NZ,0,NZ,M
2021,SE,FT,INFORMATION SECURITY MANAGER,123000,USD,123000,US,100,US,L
2020,EN,FT,CYBER SECURITY ANALYST,80000,USD,80000,US,50,US,L
2021,MI,FT,INFRASTRUCTURE SECURITY ENGINEER,120000,USD,120000,US,50,US,L
2021,MI,FT,CYBER SECURITY ANALYST,150000,USD,150000,US,50,US,M
2021,SE,FT,INFORMATION SECURITY MANAGER,40000,EUR,47282,ES,0,ES,L
2021,MI,FT,CYBER SECURITY ENGINEER,130000,USD,130000,US,50,US,L
2021,MI,FT,INFORMATION SECURITY MANAGER,100000,USD,100000,US,50,US,M
2021,EN,FT,CYBER THREAT ANALYST,20000,EUR,23641,GR,100,US,L
2021,EN,FT,SOC ANALYST,36200,GBP,49792,GB,100,GB,M
2021,EN,FT,CYBER SECURITY ANALYST,70000,USD,70000,US,100,US,L
2021,SE,FT,PRINCIPAL CLOUD SECURITY ENGINEER,130000,USD,130000,US,100,US,L
2021,EN,FT,SECURITY ANALYST,73000,USD,73000,US,0,US,S
2021,MI,FT,IT SECURITY ENGINEER,1078000,HUF,34018,HU,50,HU,M
2021,EN,FT,INCIDENT RESPONSE ANALYST,70000,NZD,49485,NZ,0,NZ,S
2021,MI,FT,CYBER SECURITY ANALYST,92000,USD,92000,US,100,US,L
2021,MI,FT,CYBER SECURITY ANALYST,145000,USD,145000,US,50,US,L
2020,SE,FT,CYBER SECURITY ENGINEER,135000,USD,135000,US,50,US,L
2021,EN,FT,CYBER SECURITY ANALYST,45500,EUR,53783,DE,0,DE,L
2021,SE,FT,CYBER SECURITY ANALYST,150000,USD,150000,US,0,US,L
2021,MI,FT,CHIEF INFORMATION SECURITY OFFICER,44000,GBP,60520,GB,100,GB,L
2020,EN,FT,CYBER SECURITY ENGINEER,75000,USD,75000,US,100,US,L
2021,SE,FT,CYBER SECURITY ANALYST,48000,GBP,66022,GB,100,US,L
2021,MI,FT,CYBER SECURITY SPECIALIST,50000,GBP,68773,GB,50,GB,L
2020,SE,FT,INFORMATION SECURITY MANAGER,150000,USD,150000,US,50,US,L
2021,MI,FT,CYBER SECURITY ANALYST,90000,USD,90000,US,0,US,M
2020,MI,FT,INFORMATION SECURITY MANAGER,70000,EUR,79833,IE,50,IE,L
2021,SE,FT,INFORMATION SECURITY ARCHITECT,102500,USD,102500,US,0,US,L
2021,EX,FT,CHIEF INFORMATION SECURITY OFFICER,130000,USD,130000,US,100,US,L
2021,MI,FT,CYBER SECURITY ANALYST,85000,USD,85000,US,100,US,L
2021,MI,FT,PENETRATION TESTER,120000,USD,120000,US,100,US,M
2020,EX,FT,SECURITY ENGINEERING MANAGER,600000,USD,321950,US,50,US,L
2021,SE,FT,CYBER SECURITY ARCHITECT,141000,USD,141000,US,50,US,L
2020,EN,FT,CYBER SECURITY ANALYST,66000,USD,66000,US,50,US,L
2021,EN,FT,SECURITY ANALYST,60008,USD,60008,US,50,US,L
2020,SE,FT,CYBER SECURITY ENGINEER,272000,USD,272000,US,100,US,L
2020,EN,FT,CYBER SECURITY ANALYST,80000,USD,80000,US,100,US,M
2020,MI,FT,INFORMATION SECURITY ANALYST,40000,GBP,51305,GB,100,DK,L
2021,EN,FT,IT SECURITY ANALYST,31000,USD,31000,US,0,US,L
2021,SE,FT,SECURITY ENGINEER,150000,CAD,119643,CA,100,CA,M
2021,EN,FT,SECURITY ANALYST,100300,USD,100300,US,100,US,L
2021,SE,FT,PRODUCT SECURITY ENGINEER,150000,USD,150000,US,100,US,L
2021,MI,FT,INFORMATION SECURITY ENGINEER,119000,USD,119000,US,100,US,L
2020,MI,FT,SECURITY ENGINEER,192000,USD,192000,US,100,US,L
2020,SE,FT,INFORMATION SECURITY MANAGER,102000,USD,102000,US,0,US,L
2021,SE,FT,CHIEF INFORMATION SECURITY OFFICER,240000,USD,240000,US,100,US,S
2021,EN,FT,SOC ANALYST,63000,USD,63000,US,0,US,L
2021,MI,FT,CYBER SECURITY ENGINEER,98000,USD,98000,US,100,US,L
2020,SE,FT,INFORMATION SECURITY MANAGER,55000,GBP,70545,GB,100,GB,S
2021,SE,FT,INFORMATION SECURITY MANAGER,100000,USD,100000,US,100,US,L
2021,MI,FT,INFORMATION SECURITY ENGINEER,80000,USD,80000,US,100,US,M
2020,MI,FT,INFORMATION SECURITY SPECIALIST,72000,USD,72000,US,100,US,L
2021,EN,FT,CYBER SECURITY ENGINEER,75000,USD,75000,US,100,US,L
2020,MI,FT,LEAD INFORMATION SECURITY ENGINEER,80000,USD,80000,US,50,US,L
2021,MI,FT,CYBER SECURITY ANALYST,67000,USD,67000,US,0,US,L
2020,SE,FT,LEAD INFORMATION SECURITY ENGINEER,130000,USD,130000,US,100,US,L
2021,SE,FT,INFORMATION SECURITY SPECIALIST,85000,CAD,67798,CA,50,CA,L
2021,MI,FT,SOC ANALYST,120000,USD,120000,US,100,US,L
2021,MI,FT,CYBER SECURITY ENGINEER,76500,USD,76500,US,100,US,L
2021,SE,FT,CYBER SECURITY ANALYST,160000,USD,160000,US,0,US,M
2021,EX,FT,HEAD OF SECURITY,200000,USD,200000,US,100,US,L
2021,EX,FT,INFORMATION SECURITY OFFICER,142000,USD,142000,US,50,US,L
2020,EX,FT,LEAD SECURITY ENGINEER,180000,USD,180000,US,100,US,L
2020,MI,FT,CYBER SECURITY ANALYST,120000,USD,120000,US,100,US,L
2021,MI,FT,CHIEF INFORMATION SECURITY OFFICER,40000,USD,40000,NL,50,NL,L
2021,MI,FT,INFORMATION SECURITY ARCHITECT,72000,EUR,85108,DE,100,DE,L
2021,SE,FT,INFORMATION SECURITY MANAGER,150000,USD,150000,US,100,US,M
2021,MI,FT,CYBER SECURITY SPECIALIST,100000,USD,100000,US,0,US,L
2021,EN,FT,INFORMATION SECURITY OFFICER,28800,EUR,34043,BE,50,BE,L
2021,SE,FT,INFORMATION SECURITY MANAGER,140000,CAD,111667,CA,50,CA,M
2021,EX,FT,HEAD OF SECURITY,187000,USD,187000,US,100,US,L
2021,MI,FT,CYBER SECURITY ANALYST,648000,ZAR,43824,ZA,100,ZA,L
2021,EX,FT,CHIEF INFORMATION SECURITY OFFICER,104000,USD,104000,US,100,US,L
2021,MI,FT,INFORMATION SECURITY ANALYST,100000,CAD,79762,CA,100,CA,L
2020,EN,FT,NETWORK SECURITY ENGINEER,65000,USD,65000,US,50,US,L
2020,MI,FT,CYBER SECURITY ENGINEER,128000,USD,128000,US,0,US,L
2021,MI,FT,INFORMATION SECURITY ENGINEER,120000,USD,120000,US,100,US,L
2020,MI,FT,INFORMATION SECURITY MANAGER,105000,USD,105000,US,100,US,L
2021,MI,FT,INCIDENT RESPONSE ANALYST,145000,USD,145000,US,100,US,L
2021,EN,FT,INFORMATION SECURITY OFFICER,37000,EUR,43736,AT,0,AT,M
2021,EN,FT,PENETRATION TESTER,78000,USD,78000,US,100,US,L
2021,SE,FT,CYBER SECURITY ENGINEER,125000,USD,125000,US,100,US,L
2021,SE,FT,INCIDENT RESPONSE MANAGER,130000,USD,130000,US,0,US,L
2020,SE,FT,APPLICATION SECURITY ENGINEER,130000,USD,130000,US,100,US,L
2020,SE,FT,INFORMATION SECURITY MANAGER,141000,USD,141000,US,100,US,L
2021,SE,FT,PRODUCT SECURITY ENGINEER,120000,USD,120000,US,100,US,L
2021,EX,FT,INFORMATION SECURITY MANAGER,172500,USD,172500,US,100,US,M
2020,SE,FT,NETWORK AND SECURITY ENGINEER,90000,USD,90000,US,50,US,L
2020,MI,FT,CYBER SECURITY ANALYST,93000,USD,93000,US,50,US,L
2021,SE,FT,CYBER SECURITY SPECIALIST,41500,GBP,57082,GB,100,GB,L
2021,EN,FT,IT SECURITY ANALYST,62000,USD,62000,US,50,US,L
2020,SE,FT,NETWORK AND SECURITY ENGINEER,240000,USD,240000,CA,100,US,L
2021,SE,FT,PENETRATION TESTER,195000,USD,195000,US,100,US,L
2021,MI,FT,PENETRATION TESTER,110000,CHF,120308,CH,100,CH,L
2021,EN,PT,PENETRATION TESTER,50000,EUR,59102,DE,100,DE,S
2021,SE,FT,CHIEF INFORMATION SECURITY OFFICER,90000,USD,90000,AR,50,AR,L
2021,SE,FT,CLOUD SECURITY ENGINEER,120000,CAD,95715,CA,50,UM,L
2021,EN,FT,PENETRATION TESTER,42000,EUR,49646,LU,50,LU,S
2021,SE,FT,CORPORATE INFRASTRUCTURE SECURITY ENGINEER,140000,AUD,105070,AU,0,AU,L
2021,SE,FT,INCIDENT RESPONSE MANAGER,155000,AUD,116327,AU,0,AU,L
2021,MI,FT,PENETRATION TESTER,95000,CAD,75774,CA,100,CA,L
2021,MI,FT,SOC ANALYST,15240,USD,12800,EG,100,EG,M
2021,EN,PT,PENETRATION TESTING ENGINEER,330000,TWD,11812,TW,50,TW,S
2020,SE,FT,CYBER SECURITY ANALYST,98000,USD,98000,US,100,US,L
2021,EN,FT,APPLICATION SECURITY ENGINEER,15240,USD,5965.92,VN,0,VN,L
2020,EN,FT,APPLICATION SECURITY ENGINEER,85000,USD,85000,US,100,US,L
2021,EN,FT,SOC ANALYST,47000,CAD,37488,CA,100,CA,S
2020,MI,FT,INCIDENT RESPONSE MANAGER,120000,USD,120000,US,50,US,L
2021,SE,FT,INFORMATION SECURITY MANAGER,120000,USD,120000,US,50,US,M
2021,EN,FT,CYBER SECURITY ANALYST,70000,USD,70000,US,0,US,L
2020,MI,FT,CYBER SECURITY ANALYST,75000,USD,75000,US,100,US,L
2021,EN,FT,CYBER SECURITY ENGINEER,101350,USD,101350,US,50,US,L
2020,EN,FT,CYBER SECURITY ANALYST,60000,USD,60000,US,50,US,L
2021,EN,FT,DETECTION ENGINEER,85000,USD,85000,US,0,US,L
2020,SE,FT,CLOUD SECURITY ARCHITECT,100000,USD,100000,SA,0,SA,L
2021,MI,FT,CYBER SECURITY SPECIALIST,76000,USD,76000,US,0,US,L
2021,EX,FT,INFORMATION SECURITY ARCHITECT,170000,CAD,135596,CA,50,CA,L
2021,SE,FT,SECURITY ANALYST,105000,USD,105000,US,100,US,M
2021,MI,PT,CYBER SECURITY RESEARCHER,100000,USD,100000,US,50,US,M
2021,MI,FT,CYBER SECURITY ENGINEER,65000,USD,65000,US,100,US,L
2021,MI,FT,APPLICATION SECURITY ENGINEER,1078000,INR,48684,IN,0,IN,M
2021,MI,FT,INFORMATION SECURITY OFFICER,122000,USD,122000,US,0,US,L
2021,MI,FT,CYBER SECURITY ANALYST,80000,USD,80000,US,50,US,L
2021,EN,FT,INFORMATION SECURITY ANALYST,76000,CAD,60619,CA,100,CA,M
2021,MI,FT,CYBER SECURITY ANALYST,131870,USD,131870,US,0,US,L
2021,MI,FT,CYBER SECURITY ANALYST,99900,USD,99900,US,0,US,L
2021,EN,FT,APPLICATION SECURITY ENGINEER,80000,USD,80000,AF,0,AF,S
2021,SE,FT,CYBER SECURITY ARCHITECT,60000,GBP,82528,GB,0,GB,L
2021,MI,FT,CYBER SECURITY ANALYST,79000,USD,79000,US,100,US,L
2020,EX,FT,HEAD OF SECURITY,175000,CHF,186487,CH,0,CH,L
2020,MI,FT,PRODUCT SECURITY ENGINEER,420000,DKK,64255,DK,0,DK,L
2021,MI,FT,INFORMATION SECURITY ARCHITECT,72121,CHF,78879,FR,50,CH,S
2021,MI,FL,INFORMATION SECURITY OFFICER,65000,EUR,76833,DE,100,DE,M
2021,SE,FT,PENETRATION TESTER,182000,AUD,136591,AU,100,AU,L
2021,SE,FT,INFORMATION SECURITY MANAGER,126000,USD,126000,US,50,US,L
2021,EN,FT,SECURITY ENGINEER,50000,USD,50000,US,50,US,S
2020,MI,FT,CYBER SECURITY ENGINEER,75000,USD,75000,US,50,US,S
2021,MI,FT,IT SECURITY ANALYST,103000,USD,103000,US,0,US,L
2021,SE,FT,SECURITY ENGINEER,138000,USD,138000,US,0,US,L
2021,MI,FT,INFORMATION SECURITY OFFICER,36000,EUR,42554,SI,100,SI,L
2020,SE,FT,CYBER SECURITY ARCHITECT,123000,USD,123000,US,100,US,L
2020,MI,FT,PENETRATION TESTER,80000,USD,80000,US,100,US,L
2021,MI,FT,IAM ENGINEER,115000,USD,115000,US,100,US,L
2021,MI,FT,INFORMATION SECURITY OFFICER,52000,EUR,61467,SE,100,SE,S
2021,SE,FL,CYBER SECURITY SPECIALIST,100000,USD,100000,FR,50,FR,L
2021,MI,FT,INCIDENT RESPONSE ANALYST,100000,USD,100000,US,100,US,L
2021,SE,FT,CYBER SECURITY RESEARCHER,275000,USD,275000,US,100,US,L
2021,SE,FT,CYBER SECURITY ANALYST,99000,CAD,78965,CA,100,CA,L
2021,EN,FT,CYBER SECURITY ANALYST,80000,USD,80000,US,50,US,L
2021,MI,FT,CYBER SECURITY ENGINEER,210000,USD,210000,US,100,US,L
2021,EN,FT,INCIDENT RESPONSE ANALYST,66000,USD,66000,US,100,US,L
2021,MI,FT,INFORMATION SECURITY ANALYST,95000,USD,95000,US,0,US,L
2021,SE,FT,PRODUCT SECURITY ENGINEER,160000,USD,160000,US,0,US,L
2021,MI,FT,APPLICATION SECURITY ENGINEER,1078000,INR,21637,IN,0,IN,L
2021,SE,FT,CLOUD SECURITY ENGINEERING MANAGER,55000,EUR,65013,ES,100,ES,L
2021,SE,FT,CYBER SECURITY ENGINEER,55000,USD,55000,LT,50,DK,L
2020,SE,FT,INFORMATION SECURITY ENGINEER,106000,USD,106000,US,0,US,L
2020,EX,FT,INFORMATION SECURITY OFFICER,202000,USD,202000,US,0,US,L
2020,EN,FT,SECURITY ENGINEER,28250,GBP,36234,GB,100,GB,M
2021,MI,FT,CYBER SECURITY ANALYST,42900,EUR,50710,SI,100,SI,M
2020,EN,FT,CYBER THREAT INTELLIGENCE ANALYST,71000,USD,71000,US,0,US,L
2021,EN,FT,NETWORK SECURITY ENGINEER,836000,INR,11305,IN,50,IN,L
2020,EN,FT,IT SECURITY ANALYST,720000,INR,9715,IN,0,IN,L
2021,MI,FT,INFORMATION SECURITY MANAGER,114000,USD,114000,US,50,US,L
2021,EN,FT,CYBER SECURITY ANALYST,81000,USD,81000,US,50,US,L
2021,EX,FT,SECURITY OFFICER 3,148000,USD,148000,US,100,US,M
2021,MI,FT,CYBER THREAT ANALYST,79509,USD,79509,US,50,US,L
2021,EN,FT,CYBER SECURITY ANALYST,110000,USD,110000,JP,0,JP,L
2021,MI,FT,SECURITY ANALYST,20000,USD,20000,IN,100,US,L
2021,EN,FT,CYBER SECURITY ANALYST,77000,USD,77000,US,100,US,L
2021,MI,FT,CLOUD SECURITY ENGINEER,130000,USD,130000,CH,50,CH,L
2020,SE,FT,SECURITY ENGINEER,142000,USD,142000,US,100,US,L
2021,SE,FT,SECURITY ENGINEERING MANAGER,174000,USD,174000,US,50,US,L
2021,MI,FT,CYBER THREAT INTELLIGENCE ANALYST,100000,USD,100000,US,0,US,L
2020,MI,FT,IT SECURITY ENGINEER,130000,USD,130000,US,50,US,L
2021,SE,FT,CYBER THREAT INTELLIGENCE ANALYST,134000,USD,134000,US,100,US,L
2020,MI,CT,SECURITY ENGINEER,40000,EUR,45618,NL,50,NL,S
2020,SE,FT,INFORMATION SECURITY ARCHITECT,170000,USD,170000,US,100,US,L
2021,SE,FT,DEVSECOPS ENGINEER,60000,EUR,70923,FR,50,FR,L
2021,EN,FT,ETHICAL HACKER,45000,EUR,53192,DE,50,DE,M
2021,MI,FT,CYBER SECURITY ANALYST,90000,USD,90000,US,50,US,L
2020,MI,FT,INFORMATION SECURITY ANALYST,41000,GBP,52588,GB,0,GB,L
2021,MI,FT,PENETRATION TESTING ENGINEER,150000,USD,150000,US,100,US,L
2020,MI,FT,INFORMATION SECURITY SPECIALIST,80000,USD,80000,US,100,US,L
2021,SE,FT,CYBER SECURITY ANALYST,145000,AUD,108822,AU,100,US,L
2021,EN,FT,CYBER SECURITY ANALYST,65000,USD,65000,DE,100,US,L
2020,MI,FT,CYBER SECURITY ANALYST,350000,ZAR,21283,ZA,50,ZA,L
2021,MI,FT,INFRASTRUCTURE SECURITY ENGINEER,85000,USD,85000,US,0,US,L
2021,SE,FT,LEAD SECURITY ENGINEER,135000,USD,135000,US,0,US,L
2020,MI,FT,CYBER SECURITY SPECIALIST,504000,SEK,54784,SE,50,SE,M
2020,SE,FT,CYBER SECURITY SPECIALIST,104000,CAD,77572,CA,100,CA,L
2020,MI,FT,CLOUD SECURITY ARCHITECT,100000,USD,100000,BG,0,BR,M
2021,SE,CT,CYBER SECURITY ARCHITECT,72000,USD,72000,US,100,US,M
2021,SE,FT,CYBER SECURITY ARCHITECT,127000,USD,127000,US,100,US,L
2021,SE,FT,DIGITAL FORENSICS ANALYST,140000,USD,140000,US,50,US,L
2020,SE,FT,DIGITAL FORENSICS ANALYST,125000,USD,125000,US,100,US,L
2020,SE,PT,CYBER SECURITY RESEARCHER,55000,USD,55000,US,100,US,L
2021,SE,FT,INFORMATION SECURITY MANAGER,90000,USD,90000,US,0,US,S
2021,SE,FT,ETHICAL HACKER,150000,USD,150000,US,100,US,L
2020,SE,FT,VULNERABILITY ANALYST,80000,USD,80000,RU,0,RU,S
2020,EN,FT,CYBER SECURITY ANALYST,23000,EUR,26230,IT,100,IT,L
2021,MI,FT,INFORMATION SECURITY ANALYST,82700,USD,82700,US,100,US,L
2021,EN,FT,CYBER SECURITY ANALYST,28500,GBP,39200,GB,50,GB,S
2021,MI,FT,CYBER SECURITY ANALYST,106000,USD,106000,US,100,US,L
2020,SE,FT,INFORMATION SECURITY ENGINEER,120000,USD,120000,US,100,US,M
2021,EX,FT,PRINCIPAL SECURITY ENGINEER,1078000,INR,51389,IN,100,GB,S
2021,SE,FT,CYBER SECURITY ARCHITECT,200000,USD,200000,US,100,US,L
2020,SE,FT,SECURITY ENGINEER,170000,USD,170000,US,50,US,L
2021,SE,FT,INFORMATION SECURITY ENGINEER,107000,USD,107000,US,0,US,L
2020,SE,FT,INFORMATION SECURITY OFFICER,159000,USD,159000,US,50,US,L
2020,MI,FT,CYBER SECURITY SPECIALIST,73000,USD,73000,US,0,US,L
2020,SE,FT,CYBER SECURITY SPECIALIST,146000,USD,146000,US,100,US,L
2020,MI,FT,CYBER SECURITY SPECIALIST,105000,AUD,72317,AU,0,AU,L
2021,EN,FT,PENETRATION TESTER,320000,INR,5965.92,IN,50,IN,S
2021,EN,FT,CYBER SECURITY ANALYST,23500,GBP,32323,GB,50,GB,L
2021,EN,FT,INCIDENT RESPONSE ANALYST,77600,USD,77600,US,100,US,L
2021,EN,FL,CYBER SECURITY RESEARCHER,75000,USD,75000,US,0,US,S
2020,SE,FT,SOFTWARE SECURITY ENGINEER,180000,USD,180000,US,100,US,S
2020,SE,PT,INFORMATION SECURITY MANAGER,45000,EUR,51321,PT,100,NL,M
2021,EN,FT,CYBER SECURITY ANALYST,63000,USD,63000,US,50,US,L
2021,MI,FT,APPLICATION SECURITY ENGINEER,1000000,INR,13523,IN,50,IN,M
2021,EN,FT,SOC ANALYST,76000,CAD,60619,CA,100,CA,M
2021,SE,FT,CYBER SECURITY ARCHITECT,35000,USD,35000,TR,50,TR,S
2021,MI,FT,SECURITY ENGINEER,100000,EUR,118205,DE,50,DE,L
2020,SE,FT,APPLICATION SECURITY ENGINEER,108000,USD,108000,US,100,US,L
2020,MI,FT,VULNERABILITY MANAGEMENT ENGINEER,130000,USD,130000,US,50,US,L
2020,SE,FT,LEAD APPLICATION SECURITY ENGINEER,55000,EUR,62726,PT,100,PT,L
2020,MI,FT,PENETRATION TESTER,100000,CHF,106564,CH,0,CH,L
2020,MI,FT,CYBER SECURITY ANALYST,30000,EUR,34214,PT,0,PT,L
2020,SE,FT,INFORMATION SECURITY SPECIALIST,170000,USD,170000,US,100,US,L
2021,MI,FT,CYBER SECURITY ENGINEER,35000,EUR,41372,IT,50,IT,L
2021,MI,FT,CYBER SECURITY ANALYST,360000,INR,5965.92,IN,50,IN,M
2021,SE,FT,CYBER SECURITY ENGINEER,132000,USD,132000,US,100,US,L
2021,EN,FT,SECURITY ENGINEER,43000,EUR,50828,FR,100,FR,L
2021,SE,FT,PENETRATION TESTER,113500,CAD,90530,CA,100,CA,M
2021,EN,FT,CYBER SECURITY ENGINEER,15240,USD,10200,DZ,0,DZ,L
2020,MI,FT,CYBER SECURITY ENGINEER,150000,USD,150000,US,0,US,L
2020,SE,FT,SECURITY ENGINEER,47620,EUR,54309,PT,50,PT,L
2021,MI,FT,APPLICATION SECURITY ENGINEER,50000,EUR,59102,FR,100,FR,L
2020,SE,FT,CYBER SECURITY RESEARCHER,250000,EUR,285118,DE,100,US,L
2020,EN,FT,CYBER SECURITY ANALYST,320000,INR,5965.92,IN,0,IN,L
2021,SE,FT,PENETRATION TESTER,126000,CAD,100500,CA,50,CA,L
2021,SE,FT,CYBER THREAT INTELLIGENCE ANALYST,80000,EUR,94564,DE,100,DE,L
2021,EX,FT,CYBER SECURITY SPECIALIST,120000,SGD,89294,SG,100,SG,S
2021,SE,FT,CYBER SECURITY ARCHITECT,280000,USD,280000,AU,100,AU,L
2021,SE,FT,CYBER SECURITY SPECIALIST,230000,AUD,172615,AU,0,AU,S
2021,SE,FT,SECURITY ENGINEERING MANAGER,190000,NZD,134317,NZ,50,NZ,L
2021,SE,FT,STAFF SECURITY ENGINEER,450000,USD,321950,US,100,US,L
2020,EN,FT,INFORMATION SECURITY ANALYST,60000,USD,60000,US,100,US,L
2021,MI,FT,CYBER SECURITY ANALYST,110000,USD,110000,US,100,US,L
2021,SE,FT,CYBER SECURITY SPECIALIST,40000,USD,40000,IN,0,IN,L
2020,SE,FT,CYBER THREAT ANALYST,140000,USD,140000,US,100,US,L
2021,MI,FT,INFORMATION SECURITY ANALYST,30000,USD,30000,US,0,US,M
2020,MI,FT,SECURITY ANALYST,115000,USD,115000,US,100,US,M
2021,MI,FT,PENETRATION TESTER,38000,GBP,52267,GB,100,GB,S
2021,MI,FT,CYBER SECURITY ENGINEER,140000,USD,140000,US,100,US,M
2021,SE,FT,INFORMATION SECURITY MANAGER,50000,EUR,59102,IT,100,IT,L
2021,SE,FT,CYBER THREAT INTELLIGENCE ANALYST,200000,USD,200000,US,100,US,M
2021,MI,FT,SECURITY ENGINEER,140000,EUR,165488,NL,50,NL,L
2021,SE,FT,CYBER SECURITY ANALYST,140000,USD,140000,US,100,US,L
2021,SE,FT,CYBER SECURITY ARCHITECT,140000,USD,140000,US,100,US,L
2020,SE,FT,PRINCIPAL CLOUD SECURITY ENGINEER,50000,GBP,64132,GB,100,GB,L
2021,MI,FT,PENETRATION TESTER,15240,EUR,5965.92,PT,100,PT,M
2021,SE,FT,CYBER SECURITY SPECIALIST,75000,EUR,88654,NL,50,NL,S
2020,SE,FT,CYBER SECURITY SPECIALIST,45000,EUR,51321,ES,100,ES,S
2021,SE,FT,SECURITY ENGINEER,50000,EUR,59102,PT,100,PT,L
2020,EN,FT,INFORMATION SECURITY ANALYST,240000,INR,5965.92,IN,0,IN,M
2021,MI,FT,CYBER SECURITY ENGINEER,80000,EUR,94564,FR,100,FR,L
2021,EX,FT,CHIEF INFORMATION SECURITY OFFICER,142000,GBP,195316,GB,100,GB,L
2020,SE,FT,PENETRATION TESTING ENGINEER,62000,EUR,70709,ES,100,ES,L
2021,MI,FT,SECURITY ENGINEER,70000,EUR,82744,DE,50,DE,L
2020,EN,FT,CYBER SECURITY ENGINEER,35000,GBP,44892,GB,100,GB,L
2021,SE,FT,INFORMATION SECURITY SPECIALIST,155000,CHF,169525,CH,100,CH,L
2020,SE,FT,CYBER SECURITY SPECIALIST,900000,ZAR,54727,ZA,100,ZA,L
2021,EN,FT,IT SECURITY ENGINEER,16800,EUR,19858,GR,50,GR,M
2020,MI,FT,CYBER SECURITY SPECIALIST,26000,EUR,29652,IT,50,IT,M
2020,MI,FT,ETHICAL HACKER,52000,EUR,59304,FR,100,FR,L
2020,SE,FT,PENETRATION TESTER,198000,PLN,50831,PL,100,PL,L
2020,EN,FT,SOC ANALYST,60000,USD,60000,US,100,US,L
2020,SE,FT,PENETRATION TESTER,75000,GBP,96198,GB,100,GB,M
2021,SE,FT,CLOUD SECURITY ENGINEER,140000,USD,140000,US,0,US,L
2020,SE,FT,INFORMATION SECURITY ENGINEER,29950,EUR,34157,GR,50,GR,L
2021,EX,FT,PENETRATION TESTER,70000,EUR,82744,FR,50,FR,L
2020,EN,FT,PENETRATION TESTER,53000,NZD,34414,NZ,100,NZ,M
2020,SE,CT,CYBER SECURITY ANALYST,150000,GBP,192396,GB,100,GB,L
2021,MI,FT,PENETRATION TESTER,33000,EUR,39007,ES,100,ES,M
2020,SE,FT,CYBER SECURITY ARCHITECT,72000,EUR,82114,BE,0,BE,M
2020,MI,FT,SECURITY ENGINEER,90000,USD,90000,CH,50,CH,S
2021,SE,FT,IT SECURITY ENGINEER,70000,EUR,82744,AT,100,AT,S
2020,MI,FT,CYBER SECURITY ANALYST,100000,USD,100000,US,0,US,L
2020,MI,FT,INFORMATION SECURITY MANAGER,120000,EUR,136856,DE,50,DE,L
2020,MI,FT,APPLICATION SECURITY ENGINEER,15240,USD,8223,IN,100,US,L
2021,SE,FT,CYBER SECURITY ENGINEER,56000,EUR,66195,FR,50,FR,S
2021,EN,FT,SECURITY ENGINEER,1000000,INR,13523,IN,50,IN,M
2020,MI,FT,CYBER SECURITY ANALYST,49100,SEK,5965.92,SE,0,SE,L
2021,MI,FT,CYBER SECURITY SPECIALIST,62000,EUR,73287,DE,100,DE,L
2020,SE,FT,INFORMATION SECURITY ARCHITECT,55000,EUR,62726,ES,0,ES,L
2021,MI,FT,CYBER SECURITY ANALYST,51000,EUR,60284,DE,100,DE,M
2021,SE,FT,CYBER SECURITY ARCHITECT,450000,BRL,83415,BR,100,BR,L
2020,MI,FT,DEVSECOPS ENGINEER,58000,EUR,66147,BE,50,BE,M
2020,SE,FT,SECURITY ENGINEER,300000,USD,300000,US,50,US,L
2021,MI,FT,CYBER SECURITY RESEARCHER,1078000,INR,20285,IN,0,IN,M
2021,EN,FT,CYBER SECURITY ANALYST,80100,USD,80100,US,100,US,L
2021,SE,FT,CYBER SECURITY RESEARCHER,175000,USD,175000,US,0,US,S
2020,SE,FT,INFORMATION SECURITY SPECIALIST,200000,RUB,5965.92,RU,0,RU,L
2021,SE,FT,CLOUD SECURITY ENGINEER,82000,USD,82000,US,100,US,L
2020,SE,FT,CYBER SECURITY ENGINEER,132000,USD,132000,US,100,US,L
2020,SE,FT,IT SECURITY ENGINEER,105000,USD,105000,US,50,US,L
2021,SE,FT,SECURITY ENGINEER,106000,USD,106000,US,100,US,L
2020,SE,FT,CONCIERGE SECURITY ENGINEER,115000,EUR,131154,DE,100,DE,S
2021,SE,FT,INFORMATION SECURITY ANALYST,115000,USD,115000,US,50,US,L
2021,SE,FT,PENETRATION TESTER,143000,USD,143000,US,100,US,L
2021,EX,FT,CHIEF INFORMATION SECURITY OFFICER,289000,USD,289000,US,100,US,L
2021,SE,FT,PENETRATION TESTER,180000,AUD,135090,AU,100,AU,S
2021,MI,FT,PENETRATION TESTER,115000,USD,115000,US,100,US,L
2020,SE,FT,INFORMATION SECURITY MANAGER,252000,USD,252000,US,100,US,M
2020,MI,FT,APPLICATION SECURITY ENGINEER,107000,CAD,79810,CA,100,CA,L
2020,SE,FT,INCIDENT RESPONSE ANALYST,135000,USD,135000,US,50,US,L
2021,SE,FT,PENETRATION TESTER,190000,USD,190000,US,100,US,M
2021,EN,FT,SECURITY ANALYST,48000,USD,48000,US,100,US,L
2021,MI,FT,SECURITY ENGINEERING MANAGER,140000,USD,140000,US,50,US,L
2021,SE,FT,PENETRATION TESTER,180000,NZD,127248,NZ,50,NZ,S
2021,SE,FT,SECURITY ENGINEER,90000,GBP,123792,GB,50,GB,L
2021,EN,FT,CYBER SECURITY ENGINEER,75500,AUD,56662,AU,100,AU,M
2020,SE,FT,CYBER SECURITY ARCHITECT,203000,USD,203000,US,50,US,L
2020,EN,FT,CYBER SECURITY SPECIALIST,34000,EUR,38776,IT,50,IT,L
2021,MI,FT,PRODUCT SECURITY ENGINEER,140400,USD,140400,US,50,US,L
2021,MI,FT,PENETRATION TESTER,110000,USD,110000,US,100,US,L
2021,SE,FT,SECURITY ENGINEER,172000,USD,172000,US,100,US,L
2021,EN,FT,CYBER SECURITY ENGINEER,88500,USD,88500,US,50,US,L
2020,EN,FT,CYBER SECURITY ENGINEER,76960,USD,76960,US,50,US,L
2020,SE,FT,INFORMATION SECURITY ENGINEER,145000,USD,145000,US,100,US,L
2020,MI,FT,CYBER SECURITY SPECIALIST,109000,USD,109000,US,0,US,L
2020,EN,FT,PENETRATION TESTER,56000,EUR,63866,DE,50,DE,S
2021,EN,FT,CYBER SECURITY ANALYST,85000,USD,85000,US,50,IL,M
2021,SE,FT,APPLICATION SECURITY ENGINEER,75000,USD,75000,PT,50,PT,M
2020,SE,FT,SOFTWARE SECURITY ENGINEER,300000,AUD,206620,AU,100,US,L
2020,SE,FT,INFORMATION SECURITY MANAGER,140000,USD,140000,US,0,US,L
2020,EX,FT,INFORMATION SECURITY MANAGER,169781,USD,169781,US,100,US,L
2021,SE,FT,CYBER THREAT INTELLIGENCE ANALYST,110000,USD,110000,US,100,US,L
2021,MI,FT,CYBER SECURITY ENGINEER,85000,USD,85000,US,100,US,L
2020,SE,FT,CYBER THREAT INTELLIGENCE ANALYST,108000,USD,108000,US,100,US,L
2020,SE,FT,INFORMATION SECURITY ARCHITECT,85000,GBP,109024,GB,100,GB,M
2021,EN,FT,CYBER SECURITY RESEARCHER,125000,USD,125000,US,50,US,L
2021,SE,FT,PENETRATION TESTER,133000,USD,133000,US,100,US,L
2020,MI,FT,CYBER SECURITY ENGINEER,126000,USD,126000,US,50,US,L
2020,EN,FT,INFORMATION SECURITY OFFICER,43000,EUR,49040,FR,50,FR,L
2020,SE,FT,SECURITY INCIDENT RESPONSE ENGINEER,260000,USD,260000,US,100,US,L
2021,EN,FT,CYBER THREAT ANALYST,200000,PLN,51774,PL,0,PL,L
2021,MI,FT,THREAT INTELLIGENCE ANALYST,105000,USD,105000,US,0,US,S
2021,SE,FT,CYBER SECURITY ENGINEER,133900,USD,133900,US,100,US,L
2021,MI,FT,INFORMATION SECURITY ANALYST,75000,USD,75000,US,0,US,L
2021,SE,FT,PENETRATION TESTING ENGINEER,384000,ILS,118903,IL,50,IL,L
2021,MI,FT,IT SECURITY ENGINEER,89000,USD,89000,US,0,US,M
2021,EX,FT,CHIEF INFORMATION SECURITY OFFICER,400000,USD,321950,US,100,US,L
2021,SE,FT,CLOUD SECURITY ARCHITECT,205000,USD,205000,US,100,US,L
2020,SE,FT,INFORMATION SECURITY ARCHITECT,198000,USD,198000,US,100,US,L
2021,SE,FT,CYBER SECURITY SPECIALIST,51000,EUR,60284,NL,50,NL,M
2020,SE,FT,INFORMATION SECURITY ARCHITECT,110000,EUR,125452,DE,50,DE,L
2020,EX,FT,CYBER SECURITY ARCHITECT,190000,EUR,216690,FR,100,US,L
2021,SE,FT,ETHICAL HACKER,49000,EUR,57920,NL,50,NL,S
2021,MI,FT,INFORMATION SECURITY OFFICER,86000,USD,86000,US,0,US,L
2020,EN,FT,CYBER SECURITY ANALYST,65000,USD,65000,US,100,US,S
2020,SE,FT,SECURITY ENGINEER,149000,USD,149000,US,50,US,L
2020,SE,FT,CYBER SECURITY ENGINEER,140000,USD,140000,US,50,US,L
2021,MI,FT,CYBER THREAT INTELLIGENCE ANALYST,116000,USD,116000,US,50,US,L
2021,SE,FT,DETECTION ENGINEER,81000,USD,81000,PL,100,PL,L
2020,MI,FT,SECURITY ANALYST,115000,USD,115000,US,100,US,L
2021,MI,FT,INFORMATION SECURITY ENGINEER,128000,USD,128000,US,100,US,L
2020,MI,FT,CYBER SECURITY ENGINEER,63000,EUR,71849,DE,0,DE,L
2020,SE,FT,INFORMATION SECURITY SPECIALIST,100000,EUR,114047,DE,100,DE,L
2020,MI,FT,INFORMATION SECURITY OFFICER,122750,USD,122750,US,100,US,M
2020,MI,FT,DEVOPS SECURITY ENGINEER,144000,USD,144000,US,0,US,M
2020,SE,FT,CYBER SECURITY ANALYST,80000,GBP,102611,GB,50,GB,L
2020,EN,FT,APPLICATION SECURITY ENGINEER,100000,USD,100000,AF,0,AF,S
2020,MI,FT,APPLICATION SECURITY ENGINEER,110000,USD,110000,US,50,US,L
2020,SE,FT,CHIEF INFORMATION SECURITY OFFICER,35000,USD,35000,AR,100,AR,L
2021,EN,FT,APPLICATION SECURITY ENGINEER,65000,USD,65000,US,100,US,L
2021,SE,FT,APPLICATION SECURITY ENGINEER,135000,USD,135000,US,100,US,L
2021,EN,FT,CYBER SECURITY ANALYST,100000,USD,100000,US,50,US,M
2020,MI,FT,ETHICAL HACKER,356000,GBP,321950,GB,100,GB,L
2020,MI,FT,CYBER SECURITY ANALYST,140000,AUD,96422,AU,50,AU,M
2021,SE,FT,INFORMATION SECURITY MANAGER,60000,GBP,82528,GB,50,GB,L
2021,SE,FT,PENETRATION TESTING ENGINEER,126000,USD,126000,US,100,US,L
2021,MI,FT,INFORMATION SECURITY ANALYST,42000,GBP,57769,GB,100,GB,L
2021,MI,FT,THREAT INTELLIGENCE ANALYST,66310,USD,66310,US,0,US,L
